Date,Others (incl supp)
Tue 03-Feb-2026,
Mon 02-Feb-2026,"[14, 30, 32, 34, 37, 40], [9, 16]"
Sun 01-Feb-2026,
Sat 31-Jan-2026,"[9, 20, 33, 34, 42, 45], [7, 29]"
Fri 30-Jan-2026,"[3, 7, 8, 12, 29, 44], [19, 31]"
Thu 29-Jan-2026,"[4, 6, 14, 18, 25, 27, 34], [6]"
Wed 28-Jan-2026,"[19, 26, 29, 37, 42, 43], [24, 35]"
Tue 27-Jan-2026,"[1, 15, 17, 22, 23, 28, 41], [5, 12, 18]"
Mon 26-Jan-2026,"[2, 4, 13, 17, 26, 39], [15, 19]"
Sun 25-Jan-2026,
Sat 24-Jan-2026,"[8, 22, 24, 28, 29, 33], [19, 27]"
Fri 23-Jan-2026,"[1, 2, 20, 23, 32, 37], [19, 39]"
Thu 22-Jan-2026,"[6, 9, 20, 21, 22, 30, 34], [5]"
Wed 21-Jan-2026,"[20, 27, 35, 40, 42, 44], [6, 30]"
Tue 20-Jan-2026,"[3, 11, 14, 22, 27, 32, 33], [31, 37, 40]"
Mon 19-Jan-2026,"[17, 28, 29, 33, 36, 39], [23, 44]"
Sun 18-Jan-2026,
Sat 17-Jan-2026,"[8, 9, 19, 35, 38, 44], [23, 33]"
Fri 16-Jan-2026,"[4, 9, 15, 40, 42, 44], [36, 41]"
Thu 15-Jan-2026,"[1, 2, 4, 24, 25, 27, 35], [14]"
Wed 14-Jan-2026,"[2, 11, 15, 35, 36, 43], [31, 44]"
Tue 13-Jan-2026,"[17, 23, 31, 35, 38, 39, 42], [7, 24, 29]"
Mon 12-Jan-2026,"[10, 15, 16, 23, 29, 42], [4, 43]"
Sun 11-Jan-2026,
Sat 10-Jan-2026,"[1, 8, 23, 25, 30, 41], [32, 37]"
Fri 09-Jan-2026,"[4, 5, 9, 15, 29, 36], [17, 19]"
Thu 08-Jan-2026,"[7, 15, 16, 17, 25, 26, 27], [9]"
Wed 07-Jan-2026,"[1, 13, 18, 26, 28, 30], [2, 44]"
Tue 06-Jan-2026,"[2, 13, 14, 17, 19, 30, 45], [4, 8, 33]"
Mon 05-Jan-2026,"[6, 22, 25, 29, 38, 41], [5, 30]"
Sun 04-Jan-2026,
Sat 03-Jan-2026,"[9, 10, 13, 19, 21, 36], [2, 39]"
Fri 02-Jan-2026,"[8, 15, 23, 31, 36, 39], [5, 21]"
Thu 01-Jan-2026,"[7, 9, 15, 18, 27, 29, 30], [3]"
Wed 31-Dec-2025,"[2, 6, 9, 22, 40, 42], [27, 28]"
Tue 30-Dec-2025,"[11, 12, 14, 19, 20, 27, 31], [1, 13, 43]"
Mon 29-Dec-2025,"[6, 7, 27, 30, 38, 42], [19, 34]"
Sun 28-Dec-2025,
Sat 27-Dec-2025,"[3, 5, 20, 26, 28, 40], [22, 42]"
Fri 26-Dec-2025,"[7, 13, 19, 33, 36, 44], [1, 39]"
Thu 25-Dec-2025,"[7, 11, 16, 17, 20, 23, 29], [17]"
Wed 24-Dec-2025,"[11, 19, 28, 36, 39, 41], [44, 45]"
Tue 23-Dec-2025,"[2, 12, 23, 29, 36, 37, 47], [3, 34, 43]"
Mon 22-Dec-2025,"[5, 14, 20, 22, 37, 40], [8, 28]"
Sun 21-Dec-2025,
Sat 20-Dec-2025,"[8, 19, 31, 32, 41, 43], [6, 14]"
Fri 19-Dec-2025,"[2, 3, 5, 17, 25, 38], [7, 9]"
Thu 18-Dec-2025,"[2, 15, 16, 19, 25, 31, 35], [14]"
Wed 17-Dec-2025,"[7, 14, 17, 29, 36, 45], [12, 32]"
Tue 16-Dec-2025,"[4, 9, 19, 20, 41, 43, 46], [8, 21, 45]"
Mon 15-Dec-2025,"[8, 9, 14, 23, 27, 33], [3, 4]"
Sun 14-Dec-2025,
Sat 13-Dec-2025,"[6, 17, 20, 28, 32, 35], [25, 41]"
Fri 12-Dec-2025,"[2, 10, 15, 36, 39, 45], [25, 38]"
Thu 11-Dec-2025,"[4, 5, 10, 12, 16, 23, 25], [10]"
Wed 10-Dec-2025,"[2, 10, 15, 26, 33, 38], [14, 19]"
Tue 09-Dec-2025,"[3, 6, 9, 15, 19, 21, 33], [7, 14, 31]"
Mon 08-Dec-2025,"[6, 12, 26, 37, 39, 40], [7, 24]"
Sun 07-Dec-2025,
Sat 06-Dec-2025,"[5, 10, 17, 33, 42, 45], [31, 44]"
Fri 05-Dec-2025,"[8, 9, 11, 16, 23, 33], [1, 34]"
Thu 04-Dec-2025,"[9, 11, 12, 15, 19, 23, 32], [14]"
Wed 03-Dec-2025,"[2, 15, 22, 35, 37, 38], [6, 39]"
Tue 02-Dec-2025,"[7, 22, 26, 28, 40, 42, 43], [6, 29, 47]"
Mon 01-Dec-2025,"[1, 6, 8, 30, 36, 38], [5, 43]"
Sun 30-Nov-2025,
Sat 29-Nov-2025,"[5, 10, 17, 22, 36, 44], [3, 11]"
Fri 28-Nov-2025,"[8, 24, 25, 30, 39, 43], [1, 21]"
Thu 27-Nov-2025,"[2, 9, 11, 17, 19, 24, 28], [1]"
Wed 26-Nov-2025,"[8, 16, 27, 36, 43, 44], [30, 31]"
Tue 25-Nov-2025,"[1, 12, 14, 28, 35, 43, 47], [15, 16, 46]"
Mon 24-Nov-2025,"[4, 15, 17, 18, 20, 44], [7, 11]"
Sun 23-Nov-2025,
Sat 22-Nov-2025,"[7, 12, 15, 31, 39, 42], [5, 8]"
Fri 21-Nov-2025,"[4, 5, 10, 20, 26, 40], [14, 24]"
Thu 20-Nov-2025,"[4, 11, 12, 13, 19, 27, 29], [20]"
Wed 19-Nov-2025,"[13, 25, 26, 35, 42, 43], [5, 24]"
Tue 18-Nov-2025,"[2, 4, 6, 8, 22, 27, 39], [5, 24, 47]"
Mon 17-Nov-2025,"[2, 4, 5, 7, 11, 37], [22, 30]"
Sun 16-Nov-2025,
Sat 15-Nov-2025,"[1, 19, 33, 36, 39, 41], [20, 25]"
Fri 14-Nov-2025,"[11, 15, 28, 31, 34, 44], [9, 20]"
Thu 13-Nov-2025,"[2, 6, 7, 8, 10, 15, 22], [13]"
Wed 12-Nov-2025,"[11, 15, 33, 34, 35, 45], [8, 37]"
Tue 11-Nov-2025,"[7, 17, 28, 30, 34, 42, 44], [3, 20, 32]"
Mon 10-Nov-2025,"[3, 5, 22, 28, 31, 38], [14, 26]"
Sun 09-Nov-2025,
Sat 08-Nov-2025,"[1, 13, 14, 16, 28, 41], [34, 39]"
Fri 07-Nov-2025,"[3, 6, 16, 23, 30, 31], [13, 18]"
Thu 06-Nov-2025,"[7, 11, 15, 16, 22, 33, 34], [13]"
Wed 05-Nov-2025,"[7, 15, 18, 26, 27, 37], [19, 44]"
Tue 04-Nov-2025,"[12, 14, 17, 18, 21, 25, 43], [15, 24, 42]"
Mon 03-Nov-2025,"[13, 14, 23, 25, 29, 45], [8, 31]"
Sun 02-Nov-2025,
Sat 01-Nov-2025,"[13, 17, 21, 28, 31, 42], [15, 36]"
Fri 31-Oct-2025,"[5, 13, 16, 26, 41, 42], [23, 34]"
Thu 30-Oct-2025,"[1, 13, 18, 19, 21, 30, 32], [17]"
Wed 29-Oct-2025,"[5, 7, 10, 20, 22, 35], [27, 45]"
Tue 28-Oct-2025,"[6, 30, 33, 35, 39, 43, 45], [3, 40, 46]"
Mon 27-Oct-2025,"[1, 6, 11, 14, 26, 44], [2, 17]"
Sun 26-Oct-2025,
Sat 25-Oct-2025,"[13, 14, 23, 29, 40, 41], [1, 17]"
Fri 24-Oct-2025,"[3, 11, 15, 22, 23, 37], [13, 41]"
Thu 23-Oct-2025,"[4, 8, 14, 19, 20, 24, 33], [16]"
Wed 22-Oct-2025,"[1, 3, 5, 30, 34, 41], [8, 27]"
Tue 21-Oct-2025,"[4, 26, 28, 29, 36, 37, 45], [20, 24, 43]"
Mon 20-Oct-2025,"[3, 10, 13, 30, 31, 44], [5, 7]"
Sun 19-Oct-2025,
Sat 18-Oct-2025,"[7, 10, 18, 19, 32, 38], [28, 43]"
Fri 17-Oct-2025,"[2, 11, 22, 33, 40, 43], [27, 39]"
Thu 16-Oct-2025,"[13, 14, 22, 27, 28, 29, 33], [16]"
Wed 15-Oct-2025,"[10, 13, 25, 31, 32, 36], [22, 26]"
Tue 14-Oct-2025,"[1, 14, 17, 18, 22, 33, 47], [11, 34, 44]"
Mon 13-Oct-2025,"[11, 14, 16, 17, 27, 28], [2, 7]"
Sun 12-Oct-2025,
Sat 11-Oct-2025,"[9, 21, 32, 33, 37, 43], [17, 30]"
Fri 10-Oct-2025,"[6, 7, 20, 36, 44, 45], [24, 26]"
Thu 09-Oct-2025,"[10, 11, 15, 20, 21, 24, 28], [20]"
Wed 08-Oct-2025,"[12, 29, 30, 35, 40, 44], [31, 37]"
Tue 07-Oct-2025,"[3, 7, 15, 34, 39, 44, 46], [13, 19, 24]"
Mon 06-Oct-2025,"[23, 24, 35, 39, 40, 43], [30, 37]"
Sun 05-Oct-2025,
Sat 04-Oct-2025,"[2, 3, 10, 16, 32, 42], [11, 35]"
Fri 03-Oct-2025,"[18, 24, 36, 41, 43, 44], [6, 32]"
Thu 02-Oct-2025,"[11, 14, 15, 23, 26, 28, 30], [9]"
Wed 01-Oct-2025,"[3, 7, 16, 22, 24, 37], [20, 33]"
Tue 30-Sep-2025,"[4, 7, 9, 28, 35, 39, 46], [14, 15, 24]"
Mon 29-Sep-2025,"[11, 16, 26, 27, 28, 35], [15, 22]"
Sun 28-Sep-2025,
Sat 27-Sep-2025,"[4, 14, 16, 25, 29, 37], [6, 10]"
Fri 26-Sep-2025,"[7, 24, 26, 28, 36, 39], [2, 8]"
Thu 25-Sep-2025,"[1, 5, 6, 8, 17, 19, 20], [12]"
Wed 24-Sep-2025,"[17, 19, 22, 28, 35, 43], [20, 33]"
Tue 23-Sep-2025,"[1, 4, 11, 20, 23, 30, 31], [25, 40, 42]"
Mon 22-Sep-2025,"[2, 3, 10, 13, 27, 41], [5, 24]"
Sun 21-Sep-2025,
Sat 20-Sep-2025,"[5, 10, 25, 26, 27, 38], [15, 34]"
Fri 19-Sep-2025,"[11, 30, 32, 33, 37, 45], [1, 21]"
Thu 18-Sep-2025,"[1, 12, 18, 24, 29, 32, 33], [8]"
Wed 17-Sep-2025,"[17, 20, 22, 23, 42, 44], [18, 35]"
Tue 16-Sep-2025,"[3, 7, 20, 35, 37, 41, 42], [18, 30, 33]"
Mon 15-Sep-2025,"[4, 23, 34, 39, 41, 42], [14, 45]"
Sun 14-Sep-2025,
Sat 13-Sep-2025,"[2, 13, 15, 18, 31, 40], [26, 36]"
Fri 12-Sep-2025,"[4, 5, 16, 22, 26, 43], [9, 40]"
Thu 11-Sep-2025,"[4, 18, 19, 21, 28, 32, 33], [17]"
Wed 10-Sep-2025,"[3, 14, 20, 22, 31, 45], [29, 37]"
Tue 09-Sep-2025,"[13, 14, 21, 30, 33, 37, 44], [3, 4, 26]"
Mon 08-Sep-2025,"[7, 12, 16, 21, 25, 42], [20, 32]"
Sun 07-Sep-2025,
Sat 06-Sep-2025,"[6, 10, 16, 21, 42, 43], [23, 36]"
Fri 05-Sep-2025,"[3, 14, 17, 26, 32, 38], [11, 42]"
Thu 04-Sep-2025,"[3, 9, 13, 22, 23, 28, 32], [5]"
Wed 03-Sep-2025,"[10, 11, 23, 34, 38, 43], [30, 31]"
Tue 02-Sep-2025,"[1, 2, 7, 17, 30, 37, 39], [6, 13, 47]"
Mon 01-Sep-2025,"[7, 8, 27, 31, 40, 44], [16, 42]"
Sun 31-Aug-2025,
Sat 30-Aug-2025,"[4, 5, 9, 10, 28, 36], [2, 14]"
Fri 29-Aug-2025,"[6, 9, 19, 24, 36, 39], [26, 37]"
Thu 28-Aug-2025,"[1, 4, 10, 14, 21, 30, 33], [6]"
Wed 27-Aug-2025,"[12, 15, 24, 31, 33, 42], [19, 23]"
Tue 26-Aug-2025,"[10, 17, 26, 28, 29, 35, 36], [24, 37, 47]"
Mon 25-Aug-2025,"[4, 6, 10, 23, 37, 41], [11, 36]"
Sun 24-Aug-2025,
Sat 23-Aug-2025,"[2, 10, 28, 33, 44, 45], [8, 26]"
Fri 22-Aug-2025,"[4, 6, 13, 17, 29, 32], [5, 15]"
Thu 21-Aug-2025,"[1, 4, 8, 12, 14, 16, 18], [14]"
Wed 20-Aug-2025,"[2, 4, 9, 14, 20, 26], [36, 39]"
Tue 19-Aug-2025,"[4, 8, 11, 26, 29, 32, 41], [3, 10, 16]"
Mon 18-Aug-2025,"[6, 13, 16, 38, 43, 44], [10, 40]"
Sun 17-Aug-2025,
Sat 16-Aug-2025,"[1, 6, 15, 18, 23, 38], [24, 32]"
Fri 15-Aug-2025,"[15, 20, 23, 25, 26, 36], [1, 11]"
Thu 14-Aug-2025,"[1, 5, 12, 14, 19, 32, 33], [10]"
Wed 13-Aug-2025,"[5, 11, 14, 17, 24, 36], [1, 16]"
Tue 12-Aug-2025,"[2, 14, 34, 37, 38, 40, 41], [19, 25, 28]"
Mon 11-Aug-2025,"[5, 10, 11, 13, 17, 39], [35, 45]"
Sun 10-Aug-2025,
Sat 09-Aug-2025,"[4, 10, 14, 40, 41, 45], [3, 6]"
Fri 08-Aug-2025,"[1, 9, 13, 29, 34, 44], [28, 41]"
Thu 07-Aug-2025,"[8, 11, 12, 14, 21, 30, 33], [19]"
Wed 06-Aug-2025,"[8, 10, 20, 28, 31, 32], [22, 23]"
Tue 05-Aug-2025,"[11, 29, 32, 34, 38, 40, 42], [3, 15, 47]"
Mon 04-Aug-2025,"[7, 19, 34, 38, 44, 45], [13, 20]"
Sun 03-Aug-2025,
Sat 02-Aug-2025,"[1, 21, 24, 40, 43, 45], [9, 16]"
Fri 01-Aug-2025,"[2, 20, 22, 27, 28, 34], [3, 7]"
Thu 31-Jul-2025,"[5, 12, 15, 16, 20, 22, 29], [4]"
Wed 30-Jul-2025,"[1, 17, 20, 27, 35, 39], [16, 21]"
Tue 29-Jul-2025,"[2, 18, 21, 25, 28, 31, 38], [23, 27, 34]"
Mon 28-Jul-2025,"[22, 25, 31, 36, 39, 42], [13, 18]"
Sun 27-Jul-2025,
Sat 26-Jul-2025,"[2, 17, 23, 40, 42, 44], [27, 39]"
Fri 25-Jul-2025,"[3, 6, 27, 29, 31, 45], [5, 24]"
Thu 24-Jul-2025,"[2, 4, 6, 19, 25, 31, 34], [20]"
Wed 23-Jul-2025,"[3, 16, 20, 29, 39, 44], [11, 32]"
Tue 22-Jul-2025,"[1, 5, 17, 21, 25, 32, 36], [16, 38, 41]"
Mon 21-Jul-2025,"[4, 12, 13, 15, 33, 44], [7, 19]"
Sun 20-Jul-2025,
Sat 19-Jul-2025,"[7, 15, 17, 22, 36, 42], [9, 34]"
Fri 18-Jul-2025,"[7, 9, 20, 26, 35, 36], [23, 38]"
Thu 17-Jul-2025,"[4, 18, 21, 22, 29, 33, 34], [3]"
Wed 16-Jul-2025,"[3, 26, 29, 34, 35, 36], [5, 41]"
Tue 15-Jul-2025,"[6, 7, 13, 17, 20, 39, 41], [12, 23, 30]"
Mon 14-Jul-2025,"[4, 5, 9, 40, 42, 45], [2, 6]"
Sun 13-Jul-2025,
Sat 12-Jul-2025,"[9, 23, 29, 35, 36, 37], [20, 31]"
Fri 11-Jul-2025,"[9, 24, 28, 30, 37, 38], [3, 16]"
Thu 10-Jul-2025,"[3, 5, 14, 23, 24, 31, 35], [10]"
Wed 09-Jul-2025,"[7, 14, 22, 32, 37, 42], [13, 41]"
Tue 08-Jul-2025,"[1, 5, 27, 41, 43, 44, 47], [18, 23, 26]"
Mon 07-Jul-2025,"[11, 13, 27, 29, 31, 36], [6, 37]"
Sun 06-Jul-2025,
Sat 05-Jul-2025,"[4, 6, 13, 14, 17, 19], [1, 11]"
Fri 04-Jul-2025,"[3, 7, 14, 21, 23, 33], [5, 26]"
Thu 03-Jul-2025,"[1, 7, 10, 18, 25, 32, 35], [14]"
Wed 02-Jul-2025,"[18, 20, 22, 26, 43, 45], [3, 36]"
Tue 01-Jul-2025,"[2, 16, 26, 28, 32, 38, 43], [23, 33, 40]"
Mon 30-Jun-2025,"[15, 16, 33, 38, 40, 41], [2, 10]"
Sun 29-Jun-2025,
Sat 28-Jun-2025,"[21, 32, 34, 39, 41, 44], [16, 22]"
Fri 27-Jun-2025,"[2, 8, 21, 27, 28, 45], [24, 39]"
Thu 26-Jun-2025,"[2, 17, 23, 28, 29, 30, 33], [15]"
Wed 25-Jun-2025,"[5, 14, 32, 33, 34, 39], [8, 22]"
Tue 24-Jun-2025,"[7, 8, 12, 19, 23, 24, 45], [4, 33, 38]"
Mon 23-Jun-2025,"[4, 6, 7, 24, 29, 39], [31, 40]"
Sun 22-Jun-2025,
Sat 21-Jun-2025,"[1, 6, 10, 24, 30, 42], [16, 18]"
Fri 20-Jun-2025,"[4, 5, 13, 19, 26, 37], [9, 17]"
Thu 19-Jun-2025,"[5, 14, 21, 23, 25, 32, 34], [11]"
Wed 18-Jun-2025,"[13, 18, 24, 32, 35, 39], [1, 28]"
Tue 17-Jun-2025,"[8, 21, 25, 26, 29, 31, 47], [18, 24, 43]"
Mon 16-Jun-2025,"[7, 11, 18, 27, 29, 41], [24, 35]"
Sun 15-Jun-2025,
Sat 14-Jun-2025,"[1, 6, 10, 17, 19, 28], [14, 35]"
Fri 13-Jun-2025,"[11, 15, 16, 23, 32, 35], [5, 43]"
Thu 12-Jun-2025,"[3, 10, 14, 16, 21, 28, 31], [6]"
Wed 11-Jun-2025,"[6, 20, 24, 34, 36, 42], [9, 18]"
Tue 10-Jun-2025,"[1, 15, 21, 32, 33, 38, 45], [3, 25, 39]"
Mon 09-Jun-2025,"[2, 22, 25, 27, 33, 34], [38, 40]"
Sun 08-Jun-2025,
Sat 07-Jun-2025,"[11, 13, 22, 26, 30, 36], [24, 45]"
Fri 06-Jun-2025,"[15, 16, 20, 41, 43, 44], [40, 42]"
Thu 05-Jun-2025,"[1, 6, 9, 12, 24, 30, 34], [10]"
Wed 04-Jun-2025,"[11, 12, 21, 22, 34, 36], [4, 30]"
Tue 03-Jun-2025,"[1, 21, 25, 34, 44, 45, 46], [9, 14, 16]"
Mon 02-Jun-2025,"[4, 24, 25, 31, 36, 41], [14, 42]"
Sun 01-Jun-2025,
Sat 31-May-2025,"[5, 7, 9, 23, 27, 45], [13, 36]"
Fri 30-May-2025,"[6, 15, 28, 32, 34, 36], [25, 30]"
Thu 29-May-2025,"[7, 10, 15, 21, 23, 26, 35], [18]"
Wed 28-May-2025,"[12, 17, 19, 23, 25, 37], [1, 35]"
Tue 27-May-2025,"[12, 16, 24, 37, 39, 45, 46], [19, 31, 44]"
Mon 26-May-2025,"[2, 6, 10, 20, 31, 35], [3, 40]"
Sun 25-May-2025,
Sat 24-May-2025,"[5, 13, 33, 35, 36, 37], [10, 18]"
Fri 23-May-2025,"[3, 11, 24, 25, 26, 37], [17, 41]"
Thu 22-May-2025,"[3, 8, 19, 21, 26, 28, 30], [20]"
Wed 21-May-2025,"[5, 6, 17, 23, 29, 36], [2, 14]"
Tue 20-May-2025,"[21, 22, 25, 31, 32, 36, 39], [16, 29, 37]"
Mon 19-May-2025,"[13, 27, 31, 38, 40, 42], [23, 26]"
Sun 18-May-2025,
Sat 17-May-2025,"[9, 19, 31, 37, 40, 44], [5, 11]"
Fri 16-May-2025,"[1, 2, 8, 10, 21, 23], [6, 16]"
Thu 15-May-2025,"[3, 7, 11, 19, 24, 32, 33], [17]"
Wed 14-May-2025,"[15, 22, 24, 32, 40, 43], [10, 44]"
Tue 13-May-2025,"[9, 10, 16, 18, 26, 39, 40], [20, 35, 43]"
Mon 12-May-2025,"[7, 24, 28, 29, 35, 40], [13, 27]"
Sun 11-May-2025,
Sat 10-May-2025,"[1, 18, 25, 35, 38, 45], [4, 16]"
Fri 09-May-2025,"[3, 17, 26, 29, 32, 42], [33, 35]"
Thu 08-May-2025,"[7, 14, 15, 32, 33, 34, 35], [12]"
Wed 07-May-2025,"[4, 6, 13, 15, 26, 38], [7, 33]"
Tue 06-May-2025,"[6, 17, 19, 28, 35, 43, 47], [3, 18, 45]"
Mon 05-May-2025,"[1, 7, 20, 30, 39, 40], [3, 26]"
Sun 04-May-2025,
Sat 03-May-2025,"[16, 27, 29, 30, 34, 43], [2, 40]"
Fri 02-May-2025,"[3, 14, 19, 32, 34, 41], [20, 36]"
Thu 01-May-2025,"[2, 9, 12, 15, 23, 27, 30], [10]"
Wed 30-Apr-2025,"[12, 26, 32, 41, 43, 45], [38, 42]"
Tue 29-Apr-2025,"[2, 16, 27, 30, 34, 38, 43], [9, 14, 31]"
Mon 28-Apr-2025,"[8, 12, 28, 29, 36, 45], [6, 31]"
Sun 27-Apr-2025,
Sat 26-Apr-2025,"[1, 7, 21, 32, 38, 42], [13, 24]"
Fri 25-Apr-2025,"[8, 10, 17, 29, 36, 40], [3, 7]"
Thu 24-Apr-2025,"[1, 13, 14, 18, 19, 21, 24], [13]"
Wed 23-Apr-2025,"[3, 10, 11, 18, 20, 37], [22, 32]"
Tue 22-Apr-2025,"[2, 3, 16, 23, 27, 31, 37], [21, 28, 34]"
Mon 21-Apr-2025,"[5, 11, 12, 13, 18, 30], [8, 27]"
Sun 20-Apr-2025,
Sat 19-Apr-2025,"[10, 14, 19, 21, 28, 44], [23, 33]"
Fri 18-Apr-2025,"[1, 20, 36, 37, 38, 44], [17, 23]"
Thu 17-Apr-2025,"[14, 17, 27, 30, 32, 34, 35], [17]"
Wed 16-Apr-2025,"[1, 5, 6, 20, 22, 42], [26, 43]"
Tue 15-Apr-2025,"[8, 13, 14, 23, 29, 32, 41], [4, 40, 43]"
Mon 14-Apr-2025,"[7, 10, 14, 25, 34, 36], [1, 11]"
Sun 13-Apr-2025,
Sat 12-Apr-2025,"[3, 6, 13, 17, 22, 45], [29, 31]"
Fri 11-Apr-2025,"[12, 14, 20, 23, 40, 43], [6, 37]"
Thu 10-Apr-2025,"[15, 19, 22, 23, 25, 32, 34], [2]"
Wed 09-Apr-2025,"[15, 27, 29, 30, 35, 36], [4, 38]"
Tue 08-Apr-2025,"[17, 18, 21, 24, 29, 30, 44], [9, 12, 43]"
Mon 07-Apr-2025,"[2, 3, 6, 8, 33, 41], [37, 39]"
Sun 06-Apr-2025,
Sat 05-Apr-2025,"[3, 10, 23, 27, 42, 43], [6, 18]"
Fri 04-Apr-2025,"[3, 9, 24, 29, 40, 42], [4, 14]"
Thu 03-Apr-2025,"[14, 15, 24, 26, 27, 33, 34], [10]"
Wed 02-Apr-2025,"[5, 9, 11, 29, 31, 37], [4, 33]"
Tue 01-Apr-2025,"[4, 8, 28, 29, 30, 36, 40], [37, 44, 47]"
Mon 31-Mar-2025,"[6, 18, 24, 34, 38, 43], [13, 16]"
Sun 30-Mar-2025,
Sat 29-Mar-2025,"[1, 3, 17, 21, 36, 41], [24, 30]"
Fri 28-Mar-2025,"[16, 32, 33, 39, 41, 44], [30, 38]"
Thu 27-Mar-2025,"[7, 9, 11, 13, 17, 21, 24], [11]"
Wed 26-Mar-2025,"[5, 10, 19, 21, 36, 41], [15, 27]"
Tue 25-Mar-2025,"[8, 13, 19, 26, 39, 40, 44], [16, 20, 46]"
Mon 24-Mar-2025,"[1, 2, 3, 16, 22, 31], [14, 41]"
Sun 23-Mar-2025,
Sat 22-Mar-2025,"[11, 16, 29, 34, 42, 45], [14, 18]"
Fri 21-Mar-2025,"[11, 12, 14, 17, 19, 24], [29, 45]"
Thu 20-Mar-2025,"[1, 2, 9, 16, 17, 18, 32], [1]"
Wed 19-Mar-2025,"[19, 24, 25, 31, 35, 45], [2, 34]"
Tue 18-Mar-2025,"[4, 6, 12, 30, 37, 39, 47], [13, 17, 34]"
Mon 17-Mar-2025,"[9, 38, 41, 42, 44, 45], [28, 30]"
Sun 16-Mar-2025,
Sat 15-Mar-2025,"[3, 13, 15, 16, 27, 30], [19, 33]"
Fri 14-Mar-2025,"[5, 8, 13, 18, 22, 37], [7, 9]"
Thu 13-Mar-2025,"[4, 5, 6, 7, 11, 19, 30], [20]"
Wed 12-Mar-2025,"[21, 24, 28, 34, 39, 40], [6, 31]"
Tue 11-Mar-2025,"[2, 5, 20, 21, 32, 33, 41], [1, 8, 34]"
Mon 10-Mar-2025,"[7, 14, 17, 21, 27, 33], [6, 41]"
Sun 09-Mar-2025,
Sat 08-Mar-2025,"[2, 16, 18, 28, 29, 38], [4, 25]"
Fri 07-Mar-2025,"[5, 6, 16, 19, 38, 41], [2, 15]"
Thu 06-Mar-2025,"[5, 6, 18, 21, 22, 23, 33], [16]"
Wed 05-Mar-2025,"[4, 19, 26, 33, 34, 38], [14, 35]"
Tue 04-Mar-2025,"[9, 17, 19, 21, 29, 35, 45], [27, 28, 36]"
Mon 03-Mar-2025,"[4, 6, 8, 15, 21, 42], [7, 33]"
Sun 02-Mar-2025,
Sat 01-Mar-2025,"[3, 6, 11, 12, 13, 37], [2, 44]"
Fri 28-Feb-2025,"[8, 12, 22, 23, 30, 39], [25, 36]"
Thu 27-Feb-2025,"[1, 7, 11, 22, 25, 26, 35], [3]"
Wed 26-Feb-2025,"[8, 10, 25, 26, 35, 44], [16, 43]"
Tue 25-Feb-2025,"[8, 11, 12, 17, 18, 30, 46], [24, 37, 42]"
Mon 24-Feb-2025,"[1, 2, 12, 16, 17, 26], [4, 11]"
Sun 23-Feb-2025,
Sat 22-Feb-2025,"[2, 5, 26, 28, 31, 39], [7, 8]"
Fri 21-Feb-2025,"[7, 10, 14, 21, 23, 34], [25, 41]"
Thu 20-Feb-2025,"[1, 3, 8, 14, 16, 24, 26], [4]"
Wed 19-Feb-2025,"[1, 17, 31, 39, 43, 44], [7, 45]"
Tue 18-Feb-2025,"[13, 14, 16, 17, 21, 28, 43], [4, 25, 36]"
Mon 17-Feb-2025,"[5, 21, 26, 30, 31, 35], [19, 27]"
Sun 16-Feb-2025,
Sat 15-Feb-2025,"[8, 18, 19, 31, 41, 43], [9, 11]"
Fri 14-Feb-2025,"[1, 4, 16, 38, 44, 45], [14, 31]"
Thu 13-Feb-2025,"[1, 10, 23, 26, 28, 31, 34], [3]"
Wed 12-Feb-2025,"[7, 14, 15, 20, 26, 34], [23, 30]"
Tue 11-Feb-2025,"[13, 16, 19, 23, 34, 35, 40], [7, 25, 31]"
Mon 10-Feb-2025,"[9, 11, 12, 29, 30, 37], [8, 20]"
Sun 09-Feb-2025,
Sat 08-Feb-2025,"[6, 15, 25, 35, 40, 42], [20, 38]"
Fri 07-Feb-2025,"[5, 7, 23, 26, 30, 32], [10, 15]"
Thu 06-Feb-2025,"[10, 19, 20, 23, 24, 31, 34], [14]"
Wed 05-Feb-2025,"[2, 6, 8, 9, 20, 31], [11, 44]"
Tue 04-Feb-2025,"[3, 26, 34, 35, 36, 39, 44], [5, 6, 45]"
Mon 03-Feb-2025,"[3, 7, 18, 26, 28, 38], [9, 17]"
Sun 02-Feb-2025,
Sat 01-Feb-2025,"[1, 7, 8, 12, 18, 41], [16, 32]"
Fri 31-Jan-2025,"[2, 20, 23, 34, 35, 42], [4, 31]"
Thu 30-Jan-2025,"[1, 2, 12, 13, 18, 19, 23], [4]"
Wed 29-Jan-2025,"[6, 11, 13, 17, 22, 42], [25, 28]"
Tue 28-Jan-2025,"[3, 24, 33, 34, 36, 42, 44], [1, 5, 10]"
Mon 27-Jan-2025,"[9, 10, 14, 31, 36, 37], [11, 29]"
Sun 26-Jan-2025,
Sat 25-Jan-2025,"[8, 12, 15, 21, 28, 34], [3, 44]"
Fri 24-Jan-2025,"[1, 9, 17, 20, 21, 37], [35, 45]"
Thu 23-Jan-2025,"[9, 11, 12, 17, 27, 29, 32], [18]"
Wed 22-Jan-2025,"[5, 9, 17, 22, 35, 43], [33, 36]"
Tue 21-Jan-2025,"[8, 18, 22, 24, 37, 41, 44], [1, 26, 39]"
Mon 20-Jan-2025,"[3, 8, 15, 29, 36, 38], [42, 44]"
Sun 19-Jan-2025,
Sat 18-Jan-2025,"[7, 11, 15, 19, 34, 45], [32, 42]"
Fri 17-Jan-2025,"[4, 10, 15, 23, 25, 35], [9, 43]"
Thu 16-Jan-2025,"[2, 6, 13, 14, 25, 30, 31], [2]"
Wed 15-Jan-2025,"[4, 12, 20, 23, 32, 35], [16, 25]"
Tue 14-Jan-2025,"[2, 5, 9, 11, 17, 32, 38], [7, 25, 36]"
Mon 13-Jan-2025,"[25, 28, 31, 37, 42, 45], [11, 22]"
Sun 12-Jan-2025,
Sat 11-Jan-2025,"[6, 8, 18, 19, 29, 38], [15, 45]"
Fri 10-Jan-2025,"[6, 19, 25, 29, 30, 32], [18, 38]"
Thu 09-Jan-2025,"[1, 2, 8, 11, 17, 19, 26], [11]"
Wed 08-Jan-2025,"[7, 19, 27, 35, 36, 37], [22, 34]"
Tue 07-Jan-2025,"[2, 6, 11, 19, 27, 29, 46], [15, 38, 42]"
Mon 06-Jan-2025,"[1, 2, 11, 28, 30, 39], [4, 35]"
Sun 05-Jan-2025,
Sat 04-Jan-2025,"[8, 10, 19, 23, 31, 33], [13, 42]"
Fri 03-Jan-2025,"[6, 14, 27, 32, 35, 37], [29, 39]"
Thu 02-Jan-2025,"[8, 9, 15, 18, 21, 22, 27], [19]"
Wed 01-Jan-2025,"[10, 12, 28, 32, 36, 39], [11, 45]"
Tue 31-Dec-2024,"[4, 7, 12, 15, 24, 38, 47], [8, 43, 46]"
Mon 30-Dec-2024,"[8, 9, 27, 29, 35, 43], [6, 23]"
Sun 29-Dec-2024,
Sat 28-Dec-2024,"[4, 12, 26, 29, 40, 41], [31, 34]"
Fri 27-Dec-2024,"[28, 31, 35, 36, 39, 41], [27, 34]"
Thu 26-Dec-2024,"[1, 3, 9, 18, 20, 28, 29], [9]"
Wed 25-Dec-2024,"[6, 7, 11, 33, 37, 40], [12, 31]"
Tue 24-Dec-2024,"[17, 20, 31, 41, 45, 46, 47], [3, 33, 40]"
Mon 23-Dec-2024,"[5, 15, 16, 26, 28, 30], [9, 14]"
Sun 22-Dec-2024,
Sat 21-Dec-2024,"[9, 18, 25, 27, 38, 44], [7, 23]"
Fri 20-Dec-2024,"[7, 14, 15, 20, 31, 45], [4, 42]"
Thu 19-Dec-2024,"[3, 9, 12, 16, 23, 29, 30], [19]"
Wed 18-Dec-2024,"[2, 12, 15, 22, 40, 45], [9, 42]"
Tue 17-Dec-2024,"[10, 13, 16, 22, 26, 31, 41], [8, 14, 19]"
Mon 16-Dec-2024,"[6, 10, 20, 29, 35, 41], [12, 21]"
Sun 15-Dec-2024,
Sat 14-Dec-2024,"[6, 7, 11, 21, 30, 35], [13, 29]"
Fri 13-Dec-2024,"[10, 16, 29, 38, 41, 44], [23, 40]"
Thu 12-Dec-2024,"[3, 9, 11, 14, 16, 19, 23], [16]"
Wed 11-Dec-2024,"[14, 17, 24, 28, 31, 43], [1, 20]"
Tue 10-Dec-2024,"[1, 20, 23, 29, 34, 39, 46], [24, 42, 43]"
Mon 09-Dec-2024,"[5, 7, 18, 30, 39, 40], [17, 41]"
Sun 08-Dec-2024,
Sat 07-Dec-2024,"[1, 7, 11, 13, 16, 35], [5, 14]"
Fri 06-Dec-2024,"[9, 10, 25, 29, 43, 45], [4, 26]"
Thu 05-Dec-2024,"[5, 6, 7, 11, 30, 32, 33], [11]"
Wed 04-Dec-2024,"[4, 17, 22, 35, 36, 42], [5, 44]"
Tue 03-Dec-2024,"[18, 22, 23, 26, 27, 39, 44], [10, 37, 41]"
Mon 02-Dec-2024,"[4, 5, 12, 15, 22, 34], [13, 28]"
Sun 01-Dec-2024,
Sat 30-Nov-2024,"[8, 13, 16, 30, 39, 41], [28, 38]"
Fri 29-Nov-2024,"[2, 10, 19, 27, 39, 41], [16, 20]"
Thu 28-Nov-2024,"[1, 4, 9, 10, 22, 26, 31], [14]"
Wed 27-Nov-2024,"[7, 17, 19, 29, 31, 39], [1, 37]"
Tue 26-Nov-2024,"[2, 4, 12, 17, 19, 22, 32], [11, 27, 31]"
Mon 25-Nov-2024,"[8, 12, 14, 17, 39, 42], [23, 25]"
Sun 24-Nov-2024,
Sat 23-Nov-2024,"[3, 6, 17, 25, 40, 42], [7, 28]"
Fri 22-Nov-2024,"[1, 10, 20, 26, 27, 35], [17, 33]"
Thu 21-Nov-2024,"[3, 11, 15, 19, 22, 30, 31], [2]"
Wed 20-Nov-2024,"[3, 13, 17, 23, 34, 37], [35, 41]"
Tue 19-Nov-2024,"[2, 8, 9, 10, 18, 34, 40], [3, 32, 37]"
Mon 18-Nov-2024,"[11, 22, 28, 31, 32, 41], [5, 21]"
Sun 17-Nov-2024,
Sat 16-Nov-2024,"[5, 6, 8, 29, 38, 44], [1, 9]"
Fri 15-Nov-2024,"[9, 24, 28, 30, 32, 41], [18, 25]"
Thu 14-Nov-2024,"[4, 5, 10, 11, 14, 19, 25], [20]"
Wed 13-Nov-2024,"[4, 15, 18, 19, 31, 34], [2, 7]"
Tue 12-Nov-2024,"[5, 10, 14, 16, 28, 30, 34], [9, 19, 23]"
Mon 11-Nov-2024,"[1, 7, 16, 18, 22, 38], [2, 33]"
Sun 10-Nov-2024,
Sat 09-Nov-2024,"[5, 6, 30, 37, 39, 43], [17, 45]"
Fri 08-Nov-2024,"[3, 15, 19, 24, 33, 45], [20, 41]"
Thu 07-Nov-2024,"[3, 15, 23, 26, 31, 32, 33], [6]"
Wed 06-Nov-2024,"[18, 23, 25, 30, 39, 42], [17, 34]"
Tue 05-Nov-2024,"[4, 6, 16, 31, 32, 35, 45], [11, 39, 44]"
Mon 04-Nov-2024,"[4, 6, 8, 15, 36, 37], [3, 40]"
Sun 03-Nov-2024,
Sat 02-Nov-2024,"[1, 3, 6, 10, 18, 42], [5, 40]"
Fri 01-Nov-2024,"[2, 20, 25, 26, 35, 43], [18, 27]"
Thu 31-Oct-2024,"[3, 9, 11, 14, 26, 34, 35], [7]"
Wed 30-Oct-2024,"[3, 6, 7, 11, 28, 35], [5, 44]"
Tue 29-Oct-2024,"[3, 10, 22, 27, 33, 39, 45], [1, 12, 23]"
Mon 28-Oct-2024,"[1, 15, 29, 38, 41, 42], [8, 30]"
Sun 27-Oct-2024,
Sat 26-Oct-2024,"[1, 25, 29, 35, 42, 43], [19, 31]"
Fri 25-Oct-2024,"[2, 12, 30, 39, 41, 43], [25, 26]"
Thu 24-Oct-2024,"[1, 5, 8, 9, 14, 22, 33], [2]"
Wed 23-Oct-2024,"[15, 25, 26, 30, 41, 45], [19, 29]"
Tue 22-Oct-2024,"[1, 2, 16, 17, 24, 26, 28], [4, 41, 47]"
Mon 21-Oct-2024,"[3, 4, 13, 18, 22, 25], [6, 16]"
Sun 20-Oct-2024,
Sat 19-Oct-2024,"[5, 15, 22, 26, 33, 43], [4, 11]"
Fri 18-Oct-2024,"[4, 28, 29, 30, 37, 42], [19, 41]"
Thu 17-Oct-2024,"[2, 6, 16, 21, 27, 30, 35], [7]"
Wed 16-Oct-2024,"[5, 20, 25, 26, 39, 42], [17, 36]"
Tue 15-Oct-2024,"[3, 11, 12, 30, 39, 43, 46], [20, 22, 36]"
Mon 14-Oct-2024,"[1, 17, 18, 36, 42, 44], [10, 24]"
Sun 13-Oct-2024,
Sat 12-Oct-2024,"[2, 8, 10, 21, 28, 45], [27, 30]"
Fri 11-Oct-2024,"[5, 12, 13, 14, 17, 31], [4, 24]"
Thu 10-Oct-2024,"[5, 7, 10, 11, 28, 33, 35], [1]"
Wed 09-Oct-2024,"[7, 13, 14, 29, 39, 43], [1, 23]"
Tue 08-Oct-2024,"[6, 14, 30, 42, 44, 45, 46], [15, 16, 21]"
Mon 07-Oct-2024,"[9, 15, 17, 25, 37, 40], [21, 42]"
Sun 06-Oct-2024,
Sat 05-Oct-2024,"[13, 15, 18, 24, 27, 30], [26, 41]"
Fri 04-Oct-2024,"[6, 12, 13, 16, 21, 25], [9, 24]"
Thu 03-Oct-2024,"[10, 11, 13, 15, 16, 18, 34], [2]"
Wed 02-Oct-2024,"[3, 14, 33, 40, 43, 45], [20, 21]"
Tue 01-Oct-2024,"[2, 3, 5, 24, 27, 31, 32], [1, 4, 35]"
Mon 30-Sep-2024,"[1, 11, 20, 25, 27, 42], [24, 37]"
Sun 29-Sep-2024,
Sat 28-Sep-2024,"[15, 19, 29, 34, 37, 40], [6, 44]"
Fri 27-Sep-2024,"[1, 10, 18, 24, 35, 36], [20, 44]"
Thu 26-Sep-2024,"[9, 10, 12, 15, 20, 29, 30], [16]"
Wed 25-Sep-2024,"[9, 12, 16, 17, 39, 44], [23, 42]"
Tue 24-Sep-2024,"[4, 13, 15, 30, 32, 33, 35], [20, 27, 45]"
Mon 23-Sep-2024,"[7, 11, 23, 33, 36, 43], [3, 21]"
Sun 22-Sep-2024,
Sat 21-Sep-2024,"[6, 21, 24, 29, 32, 42], [25, 30]"
Fri 20-Sep-2024,"[6, 11, 14, 22, 27, 35], [8, 21]"
Thu 19-Sep-2024,"[4, 7, 9, 10, 12, 24, 32], [15]"
Wed 18-Sep-2024,"[2, 4, 18, 23, 24, 30], [26, 40]"
Tue 17-Sep-2024,"[3, 4, 13, 15, 24, 26, 32], [28, 31, 36]"
Mon 16-Sep-2024,"[4, 15, 20, 30, 31, 36], [27, 45]"
Sun 15-Sep-2024,
Sat 14-Sep-2024,"[6, 14, 22, 32, 34, 38], [19, 41]"
Fri 13-Sep-2024,"[6, 7, 24, 27, 36, 41], [11, 18]"
Thu 12-Sep-2024,"[9, 12, 22, 24, 31, 32, 34], [10]"
Wed 11-Sep-2024,"[6, 19, 21, 35, 41, 44], [22, 40]"
Tue 10-Sep-2024,"[4, 10, 23, 25, 27, 30, 37], [3, 16, 20]"
Mon 09-Sep-2024,"[4, 8, 12, 16, 27, 43], [9, 38]"
Sun 08-Sep-2024,
Sat 07-Sep-2024,"[7, 13, 15, 16, 20, 38], [26, 41]"
Fri 06-Sep-2024,"[4, 5, 16, 20, 22, 26], [8, 24]"
Thu 05-Sep-2024,"[3, 7, 13, 18, 21, 25, 32], [18]"
Wed 04-Sep-2024,"[9, 22, 31, 35, 42, 45], [3, 21]"
Tue 03-Sep-2024,"[3, 8, 9, 32, 35, 38, 43], [22, 33, 46]"
Mon 02-Sep-2024,"[15, 24, 32, 35, 37, 44], [13, 22]"
Sun 01-Sep-2024,
Sat 31-Aug-2024,"[4, 6, 15, 20, 32, 39], [1, 30]"
Fri 30-Aug-2024,"[6, 14, 21, 32, 36, 42], [25, 43]"
Thu 29-Aug-2024,"[6, 9, 12, 15, 20, 21, 34], [15]"
Wed 28-Aug-2024,"[7, 8, 12, 22, 32, 43], [18, 45]"
Tue 27-Aug-2024,"[1, 13, 14, 18, 22, 37, 42], [27, 28, 32]"
Mon 26-Aug-2024,"[5, 25, 26, 32, 38, 45], [2, 8]"
Sun 25-Aug-2024,
Sat 24-Aug-2024,"[5, 8, 42, 43, 44, 45], [24, 32]"
Fri 23-Aug-2024,"[11, 15, 29, 38, 42, 43], [34, 37]"
Thu 22-Aug-2024,"[4, 10, 11, 16, 18, 23, 24], [6]"
Wed 21-Aug-2024,"[3, 5, 15, 24, 36, 44], [14, 32]"
Tue 20-Aug-2024,"[18, 20, 21, 29, 37, 38, 40], [23, 31, 46]"
Mon 19-Aug-2024,"[15, 19, 20, 24, 33, 38], [13, 35]"
Sun 18-Aug-2024,
Sat 17-Aug-2024,"[1, 3, 15, 23, 25, 41], [11, 45]"
Fri 16-Aug-2024,"[2, 15, 20, 24, 37, 40], [10, 17]"
Thu 15-Aug-2024,"[1, 8, 11, 12, 16, 18, 28], [15]"
Wed 14-Aug-2024,"[4, 8, 9, 23, 39, 41], [24, 29]"
Tue 13-Aug-2024,"[4, 6, 21, 22, 34, 40, 42], [5, 27, 44]"
Mon 12-Aug-2024,"[17, 19, 26, 27, 32, 42], [2, 20]"
Sun 11-Aug-2024,
Sat 10-Aug-2024,"[4, 10, 37, 38, 42, 45], [15, 36]"
Fri 09-Aug-2024,"[16, 17, 20, 21, 30, 43], [3, 33]"
Thu 08-Aug-2024,"[4, 7, 8, 20, 23, 29, 32], [17]"
Wed 07-Aug-2024,"[11, 13, 14, 29, 35, 38], [10, 27]"
Tue 06-Aug-2024,"[3, 7, 9, 32, 36, 39, 43], [23, 29, 42]"
Mon 05-Aug-2024,"[1, 6, 17, 19, 24, 28], [2, 27]"
Sun 04-Aug-2024,
Sat 03-Aug-2024,"[10, 11, 12, 13, 41, 45], [28, 40]"
Fri 02-Aug-2024,"[16, 21, 27, 28, 30, 39], [26, 33]"
Thu 01-Aug-2024,"[2, 6, 8, 10, 21, 27, 30], [9]"
Wed 31-Jul-2024,"[2, 17, 23, 31, 33, 41], [20, 24]"
Tue 30-Jul-2024,"[9, 25, 27, 29, 40, 42, 43], [24, 35, 45]"
Mon 29-Jul-2024,"[1, 12, 15, 19, 25, 27], [18, 21]"
Sun 28-Jul-2024,
Sat 27-Jul-2024,"[4, 11, 20, 27, 37, 45], [10, 15]"
Fri 26-Jul-2024,"[9, 22, 27, 29, 36, 40], [2, 6]"
Thu 25-Jul-2024,"[5, 6, 7, 8, 12, 16, 17], [13]"
Wed 24-Jul-2024,"[3, 16, 27, 28, 40, 44], [22, 38]"
Tue 23-Jul-2024,"[1, 10, 12, 15, 29, 33, 42], [4, 30, 32]"
Mon 22-Jul-2024,"[10, 16, 26, 28, 35, 37], [22, 44]"
Sun 21-Jul-2024,
Sat 20-Jul-2024,"[17, 23, 25, 29, 30, 31], [6, 14]"
Fri 19-Jul-2024,"[19, 21, 27, 33, 41, 43], [15, 37]"
Thu 18-Jul-2024,"[4, 6, 16, 18, 20, 28, 31], [6]"
Wed 17-Jul-2024,"[2, 4, 11, 29, 30, 34], [10, 20]"
Tue 16-Jul-2024,"[1, 10, 15, 18, 33, 36, 42], [9, 12, 27]"
Mon 15-Jul-2024,"[6, 8, 14, 18, 25, 26], [11, 27]"
Sun 14-Jul-2024,
Sat 13-Jul-2024,"[1, 2, 18, 21, 24, 36], [14, 27]"
Fri 12-Jul-2024,"[2, 11, 21, 26, 30, 45], [8, 37]"
Thu 11-Jul-2024,"[9, 12, 16, 17, 19, 20, 22], [9]"
Wed 10-Jul-2024,"[5, 7, 21, 26, 31, 44], [25, 37]"
Tue 09-Jul-2024,"[12, 18, 21, 26, 37, 39, 44], [2, 17, 33]"
Mon 08-Jul-2024,"[10, 11, 16, 21, 27, 44], [4, 26]"
Sun 07-Jul-2024,
Sat 06-Jul-2024,"[3, 4, 15, 20, 26, 44], [7, 35]"
Fri 05-Jul-2024,"[2, 6, 11, 16, 23, 43], [24, 41]"
Thu 04-Jul-2024,"[6, 8, 9, 12, 13, 21, 30], [4]"
Wed 03-Jul-2024,"[4, 16, 21, 25, 30, 31], [27, 35]"
Tue 02-Jul-2024,"[14, 29, 30, 31, 36, 38, 46], [23, 34, 41]"
Mon 01-Jul-2024,"[5, 7, 11, 13, 15, 29], [20, 38]"
Sun 30-Jun-2024,
Sat 29-Jun-2024,"[10, 21, 24, 30, 44, 45], [28, 31]"
Fri 28-Jun-2024,"[23, 26, 29, 35, 42, 43], [3, 22]"
Thu 27-Jun-2024,"[5, 8, 9, 12, 18, 33, 34], [6]"
Wed 26-Jun-2024,"[15, 17, 28, 29, 37, 39], [16, 41]"
Tue 25-Jun-2024,"[2, 9, 12, 14, 31, 38, 40], [4, 8, 15]"
Mon 24-Jun-2024,"[5, 8, 12, 17, 29, 41], [11, 37]"
Sun 23-Jun-2024,
Sat 22-Jun-2024,"[2, 22, 35, 37, 38, 40], [9, 44]"
Fri 21-Jun-2024,"[11, 24, 28, 35, 37, 45], [2, 39]"
Thu 20-Jun-2024,"[1, 11, 17, 20, 23, 30, 32], [16]"
Wed 19-Jun-2024,"[3, 20, 25, 41, 43, 44], [1, 11]"
Tue 18-Jun-2024,"[3, 9, 10, 21, 28, 29, 30], [6, 17, 47]"
Mon 17-Jun-2024,"[3, 7, 24, 28, 38, 44], [13, 32]"
Sun 16-Jun-2024,
Sat 15-Jun-2024,"[12, 23, 34, 36, 38, 40], [8, 30]"
Fri 14-Jun-2024,"[1, 3, 4, 9, 18, 20], [10, 12]"
Thu 13-Jun-2024,"[2, 6, 9, 17, 25, 26, 32], [4]"
Wed 12-Jun-2024,"[10, 13, 19, 27, 29, 36], [30, 38]"
Tue 11-Jun-2024,"[3, 12, 26, 30, 41, 45, 46], [18, 35, 42]"
Mon 10-Jun-2024,"[16, 21, 26, 34, 36, 42], [17, 38]"
Sun 09-Jun-2024,
Sat 08-Jun-2024,"[3, 13, 14, 24, 30, 32], [33, 40]"
Fri 07-Jun-2024,"[5, 7, 10, 22, 34, 44], [11, 21]"
Thu 06-Jun-2024,"[2, 3, 5, 14, 18, 20, 30], [4]"
Wed 05-Jun-2024,"[13, 14, 19, 22, 23, 35], [2, 8]"
Tue 04-Jun-2024,"[1, 13, 15, 16, 28, 33, 36], [21, 26, 45]"
Mon 03-Jun-2024,"[5, 24, 26, 32, 33, 44], [28, 36]"
Sun 02-Jun-2024,
Sat 01-Jun-2024,"[5, 21, 22, 28, 39, 42], [13, 29]"
Fri 31-May-2024,"[1, 11, 14, 26, 27, 37], [9, 21]"
Thu 30-May-2024,"[2, 3, 10, 20, 22, 33, 35], [9]"
Wed 29-May-2024,"[5, 7, 9, 11, 29, 40], [3, 17]"
Tue 28-May-2024,"[5, 10, 13, 15, 29, 31, 42], [17, 39, 40]"
Mon 27-May-2024,"[4, 5, 27, 36, 39, 41], [24, 35]"
Sun 26-May-2024,
Sat 25-May-2024,"[8, 10, 22, 35, 36, 38], [11, 23]"
Fri 24-May-2024,"[2, 7, 9, 10, 25, 36], [3, 32]"
Thu 23-May-2024,"[4, 6, 8, 18, 28, 29, 34], [11]"
Wed 22-May-2024,"[3, 16, 20, 21, 32, 36], [35, 43]"
Tue 21-May-2024,"[3, 7, 8, 25, 26, 30, 47], [4, 15, 16]"
Mon 20-May-2024,"[3, 9, 25, 30, 31, 35], [15, 43]"
Sun 19-May-2024,
Sat 18-May-2024,"[9, 13, 20, 26, 32, 43], [14, 34]"
Fri 17-May-2024,
Thu 16-May-2024,"[1, 2, 9, 12, 13, 14, 18], [3]"
Wed 15-May-2024,"[4, 18, 23, 28, 41, 42], [1, 6]"
Tue 14-May-2024,"[7, 11, 13, 16, 25, 28, 47], [8, 18, 34]"
Mon 13-May-2024,"[6, 8, 34, 37, 39, 45], [22, 43]"
Sun 12-May-2024,
Sat 11-May-2024,"[17, 20, 21, 31, 41, 44], [18, 37]"
Fri 10-May-2024,
Thu 09-May-2024,"[1, 3, 6, 12, 16, 18, 32], [4]"
Wed 08-May-2024,"[4, 15, 28, 37, 38, 43], [16, 33]"
Tue 07-May-2024,"[15, 24, 35, 43, 45, 46, 47], [19, 20, 38]"
Mon 06-May-2024,"[1, 2, 21, 26, 32, 40], [14, 42]"
Sun 05-May-2024,
Sat 04-May-2024,"[5, 12, 14, 26, 29, 42], [9, 41]"
Fri 03-May-2024,
Thu 02-May-2024,"[2, 4, 5, 7, 13, 23, 25], [16]"
Wed 01-May-2024,"[7, 10, 16, 34, 36, 42], [11, 17]"
Tue 30-Apr-2024,"[3, 6, 15, 24, 32, 44, 47], [18, 33, 38]"
Mon 29-Apr-2024,"[10, 23, 28, 32, 34, 43], [4, 20]"
Sun 28-Apr-2024,
Sat 27-Apr-2024,"[1, 7, 20, 26, 34, 39], [8, 10]"
Fri 26-Apr-2024,
Thu 25-Apr-2024,"[3, 17, 20, 28, 29, 32, 34], [18]"
Wed 24-Apr-2024,"[7, 13, 17, 20, 28, 34], [26, 39]"
Tue 23-Apr-2024,"[6, 9, 14, 19, 21, 30, 45], [5, 16, 33]"
Mon 22-Apr-2024,"[4, 6, 8, 14, 25, 34], [7, 37]"
Sun 21-Apr-2024,
Sat 20-Apr-2024,"[6, 16, 19, 25, 43, 44], [4, 14]"
Fri 19-Apr-2024,
Thu 18-Apr-2024,"[9, 18, 22, 23, 31, 34, 35], [1]"
Wed 17-Apr-2024,"[1, 10, 15, 31, 42, 44], [3, 33]"
Tue 16-Apr-2024,"[12, 13, 17, 21, 28, 32, 33], [7, 9, 22]"
Mon 15-Apr-2024,"[5, 14, 21, 29, 32, 45], [12, 22]"
Sun 14-Apr-2024,
Sat 13-Apr-2024,"[1, 3, 16, 18, 19, 25], [7, 33]"
Fri 12-Apr-2024,
Thu 11-Apr-2024,"[4, 6, 20, 21, 24, 25, 30], [2]"
Wed 10-Apr-2024,"[5, 23, 26, 29, 34, 44], [16, 20]"
Tue 09-Apr-2024,"[1, 2, 4, 18, 28, 37, 47], [11, 24, 27]"
Mon 08-Apr-2024,"[1, 9, 12, 16, 22, 43], [15, 32]"
Sun 07-Apr-2024,
Sat 06-Apr-2024,"[5, 6, 14, 36, 37, 45], [28, 31]"
Fri 05-Apr-2024,
Thu 04-Apr-2024,"[1, 7, 10, 19, 20, 25, 31], [11]"
Wed 03-Apr-2024,"[9, 16, 20, 26, 35, 45], [12, 22]"
Tue 02-Apr-2024,"[2, 15, 21, 22, 41, 43, 47], [6, 23, 28]"
Mon 01-Apr-2024,"[4, 5, 13, 30, 31, 34], [15, 22]"
Sun 31-Mar-2024,
Sat 30-Mar-2024,"[9, 12, 15, 42, 43, 44], [18, 36]"
Fri 29-Mar-2024,
Thu 28-Mar-2024,"[6, 9, 15, 18, 19, 29, 34], [4]"
Wed 27-Mar-2024,"[1, 6, 8, 13, 30, 33], [14, 21]"
Tue 26-Mar-2024,"[6, 8, 9, 23, 25, 33, 47], [3, 32, 37]"
Mon 25-Mar-2024,"[4, 11, 19, 31, 32, 35], [25, 43]"
Sun 24-Mar-2024,
Sat 23-Mar-2024,"[1, 12, 16, 17, 19, 32], [27, 34]"
Fri 22-Mar-2024,
Thu 21-Mar-2024,"[3, 7, 10, 12, 13, 24, 25], [11]"
Wed 20-Mar-2024,"[3, 6, 8, 17, 36, 41], [1, 12]"
Tue 19-Mar-2024,"[1, 13, 18, 23, 28, 31, 47], [14, 36, 44]"
Mon 18-Mar-2024,"[2, 4, 16, 27, 34, 39], [11, 18]"
Sun 17-Mar-2024,
Sat 16-Mar-2024,"[3, 17, 28, 35, 40, 44], [26, 33]"
Fri 15-Mar-2024,
Thu 14-Mar-2024,"[5, 15, 24, 27, 30, 32, 35], [2]"
Wed 13-Mar-2024,"[3, 4, 28, 30, 35, 44], [13, 19]"
Tue 12-Mar-2024,"[2, 18, 19, 23, 33, 36, 38], [13, 35, 40]"
Mon 11-Mar-2024,"[3, 5, 13, 16, 19, 35], [40, 44]"
Sun 10-Mar-2024,
Sat 09-Mar-2024,"[2, 3, 11, 17, 25, 31], [15, 24]"
Fri 08-Mar-2024,
Thu 07-Mar-2024,"[2, 4, 6, 8, 20, 24, 30], [10]"
Wed 06-Mar-2024,"[13, 22, 31, 35, 43, 45], [12, 24]"
Tue 05-Mar-2024,"[6, 16, 24, 25, 29, 37, 47], [13, 17, 28]"
Mon 04-Mar-2024,"[18, 20, 22, 24, 30, 37], [38, 41]"
Sun 03-Mar-2024,
Sat 02-Mar-2024,"[5, 8, 15, 18, 19, 30], [7, 26]"
Fri 01-Mar-2024,
Thu 29-Feb-2024,"[3, 5, 13, 24, 25, 31, 33], [17]"
Wed 28-Feb-2024,"[1, 15, 17, 29, 30, 35], [22, 44]"
Tue 27-Feb-2024,"[1, 4, 8, 10, 18, 38, 39], [5, 11, 21]"
Mon 26-Feb-2024,"[9, 18, 20, 22, 33, 42], [1, 17]"
Sun 25-Feb-2024,
Sat 24-Feb-2024,"[16, 17, 26, 38, 39, 42], [32, 37]"
Fri 23-Feb-2024,
Thu 22-Feb-2024,"[5, 6, 7, 12, 27, 28, 33], [4]"
Wed 21-Feb-2024,"[6, 12, 13, 24, 26, 34], [32, 33]"
Tue 20-Feb-2024,"[7, 11, 17, 24, 33, 39, 43], [26, 27, 44]"
Mon 19-Feb-2024,"[3, 6, 11, 20, 22, 34], [17, 42]"
Sun 18-Feb-2024,
Sat 17-Feb-2024,"[7, 11, 22, 25, 28, 34], [32, 35]"
Fri 16-Feb-2024,
Thu 15-Feb-2024,"[5, 10, 15, 18, 19, 34, 35], [20]"
Wed 14-Feb-2024,"[20, 30, 35, 36, 40, 45], [12, 33]"
Tue 13-Feb-2024,"[6, 7, 8, 16, 17, 21, 32], [12, 14, 25]"
Mon 12-Feb-2024,"[15, 31, 32, 37, 43, 44], [7, 18]"
Sun 11-Feb-2024,
Sat 10-Feb-2024,"[1, 2, 12, 13, 20, 42], [3, 15]"
Fri 09-Feb-2024,
Thu 08-Feb-2024,"[6, 7, 12, 16, 20, 25, 26], [2]"
Wed 07-Feb-2024,"[11, 14, 15, 19, 23, 45], [4, 32]"
Tue 06-Feb-2024,"[3, 10, 13, 20, 31, 38, 39], [12, 33, 41]"
Mon 05-Feb-2024,"[8, 30, 33, 35, 36, 42], [34, 43]"
Sun 04-Feb-2024,
Sat 03-Feb-2024,"[3, 11, 19, 22, 23, 29], [20, 30]"
Fri 02-Feb-2024,
Thu 01-Feb-2024,"[1, 12, 23, 26, 32, 33, 35], [10]"
Wed 31-Jan-2024,"[4, 14, 26, 31, 34, 38], [15, 37]"
Tue 30-Jan-2024,"[4, 20, 25, 27, 28, 29, 34], [12, 26, 38]"
Mon 29-Jan-2024,"[3, 17, 19, 33, 35, 38], [8, 11]"
Sun 28-Jan-2024,
Sat 27-Jan-2024,"[5, 8, 13, 24, 29, 36], [15, 40]"
Fri 26-Jan-2024,
Thu 25-Jan-2024,"[1, 4, 6, 9, 21, 26, 27], [10]"
Wed 24-Jan-2024,"[13, 18, 20, 25, 30, 43], [26, 33]"
Tue 23-Jan-2024,"[2, 15, 18, 20, 26, 27, 44], [1, 10, 42]"
Mon 22-Jan-2024,"[3, 13, 15, 19, 27, 42], [18, 21]"
Sun 21-Jan-2024,
Sat 20-Jan-2024,"[11, 22, 27, 33, 35, 37], [1, 8]"
Fri 19-Jan-2024,
Thu 18-Jan-2024,"[17, 20, 21, 22, 24, 31, 34], [6]"
Wed 17-Jan-2024,"[15, 20, 21, 29, 34, 44], [11, 33]"
Tue 16-Jan-2024,"[4, 9, 17, 24, 29, 37, 47], [14, 20, 27]"
Mon 15-Jan-2024,"[6, 7, 8, 21, 37, 45], [3, 32]"
Sun 14-Jan-2024,
Sat 13-Jan-2024,"[8, 33, 37, 39, 40, 41], [2, 35]"
Fri 12-Jan-2024,
Thu 11-Jan-2024,"[2, 5, 16, 25, 30, 32, 34], [7]"
Wed 10-Jan-2024,"[9, 12, 16, 18, 44, 45], [25, 36]"
Tue 09-Jan-2024,"[5, 6, 21, 22, 25, 38, 42], [16, 36, 44]"
Mon 08-Jan-2024,"[2, 4, 27, 32, 36, 41], [16, 38]"
Sun 07-Jan-2024,
Sat 06-Jan-2024,"[12, 13, 17, 34, 36, 42], [38, 41]"
Fri 05-Jan-2024,
Thu 04-Jan-2024,"[21, 22, 27, 30, 31, 33, 34], [4]"
Wed 03-Jan-2024,"[17, 19, 23, 27, 42, 43], [32, 38]"
Tue 02-Jan-2024,"[3, 21, 24, 30, 36, 44, 46], [18, 31, 37]"
Mon 01-Jan-2024,"[13, 19, 20, 26, 38, 39], [23, 28]"
Sun 31-Dec-2023,
Sat 30-Dec-2023,"[2, 3, 11, 23, 38, 39], [22, 35]"
Fri 29-Dec-2023,
Thu 28-Dec-2023,"[9, 11, 15, 16, 24, 27, 35], [1]"
Wed 27-Dec-2023,"[15, 17, 20, 23, 29, 30], [21, 31]"
Tue 26-Dec-2023,"[17, 22, 24, 28, 31, 42, 44], [3, 16, 39]"
Mon 25-Dec-2023,"[5, 12, 20, 21, 25, 39], [17, 28]"
Sun 24-Dec-2023,
Sat 23-Dec-2023,"[1, 20, 24, 31, 37, 39], [19, 41]"
Fri 22-Dec-2023,
Thu 21-Dec-2023,"[13, 14, 20, 22, 25, 34, 35], [12]"
Wed 20-Dec-2023,"[7, 14, 20, 23, 34, 41], [26, 42]"
Tue 19-Dec-2023,"[12, 18, 25, 37, 40, 43, 47], [28, 30, 32]"
Mon 18-Dec-2023,"[20, 23, 26, 30, 33, 40], [15, 41]"
Sun 17-Dec-2023,
Sat 16-Dec-2023,"[8, 12, 13, 17, 39, 41], [27, 32]"
Fri 15-Dec-2023,
Thu 14-Dec-2023,"[2, 4, 6, 8, 18, 22, 30], [2]"
Wed 13-Dec-2023,"[7, 15, 19, 28, 29, 34], [4, 21]"
Tue 12-Dec-2023,"[6, 19, 30, 39, 42, 44, 47], [8, 33, 46]"
Mon 11-Dec-2023,"[11, 23, 24, 28, 31, 42], [13, 35]"
Sun 10-Dec-2023,
Sat 09-Dec-2023,"[9, 11, 25, 32, 33, 44], [2, 20]"
Fri 08-Dec-2023,
Thu 07-Dec-2023,"[4, 6, 15, 17, 23, 31, 33], [15]"
Wed 06-Dec-2023,"[11, 24, 27, 28, 39, 42], [8, 23]"
Tue 05-Dec-2023,"[3, 11, 17, 19, 32, 36, 41], [6, 22, 34]"
Mon 04-Dec-2023,"[1, 8, 12, 13, 29, 34], [22, 24]"
Sun 03-Dec-2023,
Sat 02-Dec-2023,"[10, 14, 21, 22, 23, 42], [7, 11]"
Fri 01-Dec-2023,
Thu 30-Nov-2023,"[1, 2, 11, 19, 23, 30, 34], [4]"
Wed 29-Nov-2023,"[1, 7, 12, 27, 29, 36], [2, 13]"
Tue 28-Nov-2023,"[6, 19, 22, 24, 33, 34, 43], [10, 25, 38]"
Mon 27-Nov-2023,"[1, 10, 13, 15, 22, 45], [20, 23]"
Sun 26-Nov-2023,
Sat 25-Nov-2023,"[17, 20, 30, 36, 37, 44], [4, 19]"
Fri 24-Nov-2023,
Thu 23-Nov-2023,"[4, 7, 23, 31, 32, 33, 35], [5]"
Wed 22-Nov-2023,"[2, 9, 13, 22, 42, 45], [7, 16]"
Tue 21-Nov-2023,"[8, 12, 14, 21, 25, 36, 41], [19, 22, 23]"
Mon 20-Nov-2023,"[3, 9, 16, 27, 30, 35], [7, 37]"
Sun 19-Nov-2023,
Sat 18-Nov-2023,"[7, 8, 15, 16, 26, 31], [6, 44]"
Fri 17-Nov-2023,
Thu 16-Nov-2023,"[1, 7, 8, 11, 29, 31, 32], [16]"
Wed 15-Nov-2023,"[1, 5, 10, 21, 26, 36], [7, 41]"
Tue 14-Nov-2023,"[1, 4, 9, 12, 32, 38, 45], [10, 18, 43]"
Mon 13-Nov-2023,"[16, 23, 24, 27, 29, 38], [21, 31]"
Sun 12-Nov-2023,
Sat 11-Nov-2023,"[1, 2, 23, 24, 28, 30], [29, 39]"
Fri 10-Nov-2023,
Thu 09-Nov-2023,"[5, 15, 23, 29, 30, 34, 35], [2]"
Wed 08-Nov-2023,"[14, 18, 19, 29, 34, 40], [12, 24]"
Tue 07-Nov-2023,"[3, 16, 21, 22, 30, 41, 43], [25, 33, 46]"
Mon 06-Nov-2023,"[14, 30, 34, 36, 38, 42], [18, 45]"
Sun 05-Nov-2023,
Sat 04-Nov-2023,"[1, 5, 14, 15, 34, 42], [40, 45]"
Fri 03-Nov-2023,
Thu 02-Nov-2023,"[6, 8, 11, 12, 22, 23, 30], [15]"
Wed 01-Nov-2023,"[2, 10, 20, 22, 27, 32], [5, 17]"
Tue 31-Oct-2023,"[3, 13, 21, 31, 37, 44, 45], [11, 30, 33]"
Mon 30-Oct-2023,"[2, 5, 15, 17, 40, 45], [11, 37]"
Sun 29-Oct-2023,
Sat 28-Oct-2023,"[12, 13, 14, 18, 30, 35], [2, 43]"
Fri 27-Oct-2023,
Thu 26-Oct-2023,"[4, 9, 11, 16, 22, 31, 35], [20]"
Wed 25-Oct-2023,"[7, 9, 26, 27, 32, 35], [29, 31]"
Tue 24-Oct-2023,"[3, 5, 25, 30, 39, 40, 47], [19, 33, 44]"
Mon 23-Oct-2023,"[13, 16, 18, 19, 25, 33], [38, 39]"
Sun 22-Oct-2023,
Sat 21-Oct-2023,"[2, 7, 12, 29, 30, 31], [9, 33]"
Fri 20-Oct-2023,
Thu 19-Oct-2023,"[1, 3, 4, 6, 7, 24, 26], [18]"
Wed 18-Oct-2023,"[4, 13, 37, 41, 43, 45], [22, 32]"
Tue 17-Oct-2023,"[14, 18, 21, 23, 33, 39, 46], [28, 37, 41]"
Mon 16-Oct-2023,"[20, 25, 28, 31, 35, 41], [29, 42]"
Sun 15-Oct-2023,
Sat 14-Oct-2023,"[7, 10, 11, 23, 24, 38], [4, 14]"
Fri 13-Oct-2023,
Thu 12-Oct-2023,"[1, 6, 10, 20, 21, 31, 35], [13]"
Wed 11-Oct-2023,"[4, 20, 24, 26, 30, 33], [16, 25]"
Tue 10-Oct-2023,"[2, 6, 12, 15, 29, 31, 35], [8, 28, 47]"
Mon 09-Oct-2023,"[3, 7, 16, 24, 34, 37], [21, 23]"
Sun 08-Oct-2023,
Sat 07-Oct-2023,"[18, 23, 25, 28, 35, 37], [8, 16]"
Fri 06-Oct-2023,
Thu 05-Oct-2023,"[3, 4, 8, 11, 14, 19, 22], [5]"
Wed 04-Oct-2023,"[1, 4, 7, 13, 15, 18], [19, 33]"
Tue 03-Oct-2023,"[7, 19, 21, 24, 27, 43, 47], [11, 29, 39]"
Mon 02-Oct-2023,"[6, 14, 18, 31, 40, 43], [25, 29]"
Sun 01-Oct-2023,
Sat 30-Sep-2023,"[6, 20, 27, 29, 43, 45], [9, 36]"
Fri 29-Sep-2023,
Thu 28-Sep-2023,"[2, 3, 14, 15, 26, 27, 28], [19]"
Wed 27-Sep-2023,"[4, 5, 14, 15, 35, 41], [20, 37]"
Tue 26-Sep-2023,"[1, 9, 10, 13, 20, 34, 46], [19, 30, 42]"
Mon 25-Sep-2023,"[3, 5, 9, 34, 35, 43], [8, 19]"
Sun 24-Sep-2023,
Sat 23-Sep-2023,"[4, 13, 16, 21, 29, 45], [6, 11]"
Fri 22-Sep-2023,
Thu 21-Sep-2023,"[4, 10, 12, 13, 18, 20, 23], [5]"
Wed 20-Sep-2023,"[7, 14, 27, 30, 33, 39], [22, 40]"
Tue 19-Sep-2023,"[14, 23, 32, 33, 35, 36, 45], [12, 20, 30]"
Mon 18-Sep-2023,"[1, 4, 13, 19, 23, 44], [21, 29]"
Sun 17-Sep-2023,
Sat 16-Sep-2023,"[11, 23, 27, 28, 37, 41], [1, 2]"
Fri 15-Sep-2023,
Thu 14-Sep-2023,"[2, 5, 6, 10, 17, 19, 31], [10]"
Wed 13-Sep-2023,"[3, 11, 16, 20, 36, 41], [7, 23]"
Tue 12-Sep-2023,"[4, 5, 12, 24, 25, 27, 44], [7, 39, 42]"
Mon 11-Sep-2023,"[8, 18, 20, 28, 42, 43], [4, 41]"
Sun 10-Sep-2023,
Sat 09-Sep-2023,"[7, 9, 11, 14, 15, 29], [17, 23]"
Fri 08-Sep-2023,
Thu 07-Sep-2023,"[11, 14, 18, 20, 24, 27, 29], [19]"
Wed 06-Sep-2023,"[3, 10, 17, 22, 33, 35], [12, 19]"
Tue 05-Sep-2023,"[2, 5, 13, 18, 21, 31, 41], [9, 40, 46]"
Mon 04-Sep-2023,"[5, 8, 32, 33, 39, 40], [10, 43]"
Sun 03-Sep-2023,
Sat 02-Sep-2023,"[9, 16, 32, 37, 40, 41], [26, 30]"
Fri 01-Sep-2023,
Thu 31-Aug-2023,"[6, 10, 14, 27, 31, 32, 35], [6]"
Wed 30-Aug-2023,"[2, 12, 19, 22, 27, 36], [18, 45]"
Tue 29-Aug-2023,"[14, 17, 19, 22, 27, 46, 47], [29, 30, 40]"
Mon 28-Aug-2023,"[5, 9, 12, 19, 27, 29], [14, 37]"
Sun 27-Aug-2023,
Sat 26-Aug-2023,"[6, 10, 18, 32, 33, 37], [21, 23]"
Fri 25-Aug-2023,
Thu 24-Aug-2023,"[3, 8, 11, 17, 18, 20, 33], [7]"
Wed 23-Aug-2023,"[7, 9, 13, 14, 20, 30], [27, 33]"
Tue 22-Aug-2023,"[10, 12, 33, 36, 37, 40, 42], [5, 27, 28]"
Mon 21-Aug-2023,"[1, 3, 5, 16, 32, 41], [10, 18]"
Sun 20-Aug-2023,
Sat 19-Aug-2023,"[14, 16, 24, 34, 41, 44], [21, 30]"
Fri 18-Aug-2023,
Thu 17-Aug-2023,"[10, 12, 17, 21, 24, 26, 30], [10]"
Wed 16-Aug-2023,"[8, 20, 21, 22, 33, 34], [18, 29]"
Tue 15-Aug-2023,"[6, 8, 23, 24, 27, 41, 47], [4, 13, 28]"
Mon 14-Aug-2023,"[4, 8, 21, 25, 31, 45], [7, 36]"
Sun 13-Aug-2023,
Sat 12-Aug-2023,"[5, 10, 30, 32, 34, 42], [19, 45]"
Fri 11-Aug-2023,
Thu 10-Aug-2023,"[9, 10, 11, 16, 18, 23, 24], [9]"
Wed 09-Aug-2023,"[2, 6, 8, 10, 29, 42], [16, 33]"
Tue 08-Aug-2023,"[3, 7, 19, 20, 22, 35, 47], [4, 10, 17]"
Mon 07-Aug-2023,"[5, 9, 12, 23, 31, 35], [7, 22]"
Sun 06-Aug-2023,
Sat 05-Aug-2023,"[1, 2, 18, 24, 36, 43], [9, 31]"
Fri 04-Aug-2023,
Thu 03-Aug-2023,"[1, 7, 13, 18, 23, 25, 33], [7]"
Wed 02-Aug-2023,"[9, 11, 18, 27, 35, 37], [26, 39]"
Tue 01-Aug-2023,"[11, 13, 17, 19, 34, 36, 40], [12, 14, 35]"
Mon 31-Jul-2023,"[2, 3, 4, 34, 35, 37], [28, 41]"
Sun 30-Jul-2023,
Sat 29-Jul-2023,"[3, 14, 32, 37, 42, 45], [17, 20]"
Fri 28-Jul-2023,
Thu 27-Jul-2023,"[4, 14, 16, 18, 19, 22, 33], [18]"
Wed 26-Jul-2023,"[15, 20, 24, 30, 35, 37], [7, 32]"
Tue 25-Jul-2023,"[1, 10, 14, 32, 39, 43, 44], [8, 23, 47]"
Mon 24-Jul-2023,"[6, 21, 22, 24, 39, 42], [18, 38]"
Sun 23-Jul-2023,
Sat 22-Jul-2023,"[1, 5, 14, 26, 32, 33], [8, 37]"
Fri 21-Jul-2023,
Thu 20-Jul-2023,"[4, 7, 9, 14, 27, 29, 32], [17]"
Wed 19-Jul-2023,"[15, 18, 19, 20, 35, 43], [28, 45]"
Tue 18-Jul-2023,"[7, 11, 17, 20, 22, 24, 41], [6, 33, 47]"
Mon 17-Jul-2023,"[5, 7, 13, 24, 32, 35], [27, 39]"
Sun 16-Jul-2023,
Sat 15-Jul-2023,"[18, 25, 31, 32, 37, 39], [12, 34]"
Fri 14-Jul-2023,
Thu 13-Jul-2023,"[3, 11, 17, 19, 27, 29, 30], [15]"
Wed 12-Jul-2023,"[4, 13, 14, 32, 40, 41], [6, 25]"
Tue 11-Jul-2023,"[4, 9, 26, 28, 35, 42, 46], [21, 40, 47]"
Mon 10-Jul-2023,"[2, 7, 19, 32, 40, 44], [13, 29]"
Sun 09-Jul-2023,
Sat 08-Jul-2023,"[5, 26, 29, 34, 37, 41], [31, 42]"
Fri 07-Jul-2023,
Thu 06-Jul-2023,"[7, 10, 12, 16, 17, 20, 28], [20]"
Wed 05-Jul-2023,"[7, 11, 13, 17, 25, 44], [8, 28]"
Tue 04-Jul-2023,"[3, 12, 20, 21, 29, 36, 40], [1, 5, 6]"
Mon 03-Jul-2023,"[7, 18, 23, 29, 36, 41], [21, 24]"
Sun 02-Jul-2023,
Sat 01-Jul-2023,"[6, 7, 19, 21, 26, 38], [13, 36]"
Fri 30-Jun-2023,
Thu 29-Jun-2023,"[1, 3, 5, 8, 18, 24, 28], [2]"
Wed 28-Jun-2023,"[7, 8, 9, 14, 16, 18], [21, 39]"
Tue 27-Jun-2023,"[5, 16, 31, 37, 39, 43, 47], [14, 30, 40]"
Mon 26-Jun-2023,"[6, 12, 13, 28, 33, 37], [4, 34]"
Sun 25-Jun-2023,
Sat 24-Jun-2023,"[4, 8, 21, 29, 30, 37], [38, 45]"
Fri 23-Jun-2023,
Thu 22-Jun-2023,"[3, 4, 5, 6, 14, 22, 23], [17]"
Wed 21-Jun-2023,"[8, 27, 29, 33, 36, 39], [5, 38]"
Tue 20-Jun-2023,"[5, 19, 22, 23, 30, 36, 38], [11, 42, 47]"
Mon 19-Jun-2023,"[6, 7, 8, 12, 24, 40], [29, 42]"
Sun 18-Jun-2023,
Sat 17-Jun-2023,"[8, 24, 27, 36, 39, 41], [22, 26]"
Fri 16-Jun-2023,
Thu 15-Jun-2023,"[2, 9, 11, 13, 20, 25, 31], [2]"
Wed 14-Jun-2023,"[1, 9, 23, 30, 36, 38], [4, 28]"
Tue 13-Jun-2023,"[5, 12, 14, 21, 22, 35, 37], [17, 46, 47]"
Mon 12-Jun-2023,"[9, 25, 29, 35, 39, 43], [21, 38]"
Sun 11-Jun-2023,
Sat 10-Jun-2023,"[2, 11, 12, 23, 42, 43], [7, 44]"
Fri 09-Jun-2023,
Thu 08-Jun-2023,"[12, 15, 17, 20, 21, 22, 28], [11]"
Wed 07-Jun-2023,"[11, 14, 15, 19, 24, 40], [18, 25]"
Tue 06-Jun-2023,"[1, 3, 5, 8, 19, 26, 46], [28, 35, 40]"
Mon 05-Jun-2023,"[1, 11, 23, 28, 35, 37], [7, 13]"
Sun 04-Jun-2023,
Sat 03-Jun-2023,"[1, 12, 24, 26, 37, 41], [25, 45]"
Fri 02-Jun-2023,
Thu 01-Jun-2023,"[6, 14, 19, 23, 28, 31, 34], [3]"
Wed 31-May-2023,"[2, 20, 26, 28, 29, 44], [9, 12]"
Tue 30-May-2023,"[10, 17, 20, 30, 41, 42, 43], [1, 6, 14]"
Mon 29-May-2023,"[6, 16, 27, 33, 38, 39], [10, 18]"
Sun 28-May-2023,
Sat 27-May-2023,"[7, 8, 22, 28, 34, 37], [1, 23]"
Fri 26-May-2023,
Thu 25-May-2023,"[8, 12, 17, 20, 27, 29, 30], [6]"
Wed 24-May-2023,"[14, 17, 18, 22, 23, 35], [9, 28]"
Tue 23-May-2023,"[3, 4, 5, 15, 18, 41, 45], [25, 33, 42]"
Mon 22-May-2023,"[10, 12, 31, 32, 42, 45], [1, 38]"
Sun 21-May-2023,
Sat 20-May-2023,"[2, 8, 11, 12, 25, 32], [16, 22]"
Fri 19-May-2023,
Thu 18-May-2023,"[3, 6, 7, 11, 19, 20, 33], [18]"
Wed 17-May-2023,"[3, 17, 18, 23, 32, 41], [19, 44]"
Tue 16-May-2023,"[5, 17, 21, 22, 34, 37, 45], [35, 41, 47]"
Mon 15-May-2023,"[7, 12, 31, 33, 36, 37], [4, 25]"
Sun 14-May-2023,
Sat 13-May-2023,"[6, 22, 23, 24, 33, 36], [18, 34]"
Fri 12-May-2023,
Thu 11-May-2023,"[3, 8, 9, 12, 15, 18, 28], [14]"
Wed 10-May-2023,"[2, 6, 14, 25, 33, 44], [9, 43]"
Tue 09-May-2023,"[3, 11, 21, 28, 35, 40, 46], [20, 39, 44]"
Mon 08-May-2023,"[8, 14, 16, 24, 30, 36], [18, 35]"
Sun 07-May-2023,
Sat 06-May-2023,"[2, 8, 13, 17, 30, 35], [5, 34]"
Fri 05-May-2023,
Thu 04-May-2023,"[2, 13, 18, 20, 31, 34, 35], [9]"
Wed 03-May-2023,"[11, 13, 28, 30, 35, 38], [19, 37]"
Tue 02-May-2023,"[1, 7, 20, 26, 28, 29, 45], [4, 11, 16]"
Mon 01-May-2023,"[6, 26, 29, 37, 39, 40], [20, 38]"
Sun 30-Apr-2023,
Sat 29-Apr-2023,"[4, 15, 16, 18, 35, 45], [11, 17]"
Fri 28-Apr-2023,
Thu 27-Apr-2023,"[6, 16, 19, 27, 28, 30, 33], [17]"
Wed 26-Apr-2023,"[3, 7, 16, 17, 44, 45], [4, 32]"
Tue 25-Apr-2023,"[7, 8, 9, 21, 24, 28, 31], [2, 10, 11]"
Mon 24-Apr-2023,"[5, 9, 16, 22, 36, 39], [13, 40]"
Sun 23-Apr-2023,
Sat 22-Apr-2023,"[4, 29, 32, 34, 38, 41], [11, 27]"
Fri 21-Apr-2023,
Thu 20-Apr-2023,"[1, 12, 13, 18, 24, 30, 32], [6]"
Wed 19-Apr-2023,"[7, 10, 18, 33, 42, 44], [5, 29]"
Tue 18-Apr-2023,"[3, 4, 5, 6, 26, 34, 46], [15, 22, 29]"
Mon 17-Apr-2023,"[4, 21, 23, 25, 42, 45], [7, 27]"
Sun 16-Apr-2023,
Sat 15-Apr-2023,"[4, 16, 23, 31, 39, 43], [17, 18]"
Fri 14-Apr-2023,
Thu 13-Apr-2023,"[5, 12, 15, 19, 27, 29, 33], [4]"
Wed 12-Apr-2023,"[2, 6, 12, 32, 36, 45], [10, 39]"
Tue 11-Apr-2023,"[9, 12, 15, 19, 21, 46, 47], [16, 30, 34]"
Mon 10-Apr-2023,"[4, 13, 17, 28, 36, 41], [2, 5]"
Sun 09-Apr-2023,
Sat 08-Apr-2023,"[4, 6, 9, 11, 13, 40], [18, 20]"
Fri 07-Apr-2023,
Thu 06-Apr-2023,"[6, 12, 17, 21, 24, 30, 33], [10]"
Wed 05-Apr-2023,"[8, 20, 30, 34, 38, 44], [2, 28]"
Tue 04-Apr-2023,"[2, 19, 26, 28, 39, 42, 47], [9, 23, 37]"
Mon 03-Apr-2023,"[8, 14, 18, 19, 35, 43], [25, 28]"
Sun 02-Apr-2023,
Sat 01-Apr-2023,"[5, 10, 25, 36, 39, 45], [8, 40]"
Fri 31-Mar-2023,
Thu 30-Mar-2023,"[5, 6, 7, 11, 12, 13, 35], [15]"
Wed 29-Mar-2023,"[6, 12, 16, 39, 40, 41], [17, 19]"
Tue 28-Mar-2023,"[3, 7, 15, 16, 19, 35, 38], [13, 32, 39]"
Mon 27-Mar-2023,"[10, 14, 15, 29, 33, 40], [1, 11]"
Sun 26-Mar-2023,
Sat 25-Mar-2023,"[8, 9, 10, 14, 39, 42], [12, 31]"
Fri 24-Mar-2023,
Thu 23-Mar-2023,"[4, 5, 7, 18, 19, 25, 26], [15]"
Wed 22-Mar-2023,"[11, 16, 24, 38, 40, 41], [6, 21]"
Tue 21-Mar-2023,"[1, 4, 6, 9, 19, 30, 38], [10, 13, 37]"
Mon 20-Mar-2023,"[7, 14, 16, 21, 41, 43], [5, 31]"
Sun 19-Mar-2023,
Sat 18-Mar-2023,"[1, 6, 15, 21, 43, 44], [34, 42]"
Fri 17-Mar-2023,
Thu 16-Mar-2023,"[3, 17, 22, 28, 29, 32, 34], [18]"
Wed 15-Mar-2023,"[10, 15, 18, 33, 35, 45], [17, 22]"
Tue 14-Mar-2023,"[3, 18, 27, 34, 40, 41, 44], [5, 12, 46]"
Mon 13-Mar-2023,"[4, 18, 29, 35, 44, 45], [10, 32]"
Sun 12-Mar-2023,
Sat 11-Mar-2023,"[1, 4, 9, 10, 29, 42], [7, 17]"
Fri 10-Mar-2023,
Thu 09-Mar-2023,"[7, 10, 17, 20, 27, 30, 33], [1]"
Wed 08-Mar-2023,"[5, 21, 37, 38, 41, 45], [20, 23]"
Tue 07-Mar-2023,"[4, 26, 28, 31, 33, 44, 47], [9, 11, 20]"
Mon 06-Mar-2023,"[7, 9, 15, 20, 24, 39], [5, 10]"
Sun 05-Mar-2023,
Sat 04-Mar-2023,"[1, 9, 13, 32, 33, 34], [8, 15]"
Fri 03-Mar-2023,
Thu 02-Mar-2023,"[13, 14, 16, 18, 19, 21, 29], [18]"
Wed 01-Mar-2023,"[3, 11, 12, 15, 38, 43], [7, 17]"
Tue 28-Feb-2023,"[1, 5, 6, 29, 31, 39, 42], [3, 27, 44]"
Mon 27-Feb-2023,"[6, 10, 16, 26, 36, 39], [11, 29]"
Sun 26-Feb-2023,
Sat 25-Feb-2023,"[4, 12, 13, 15, 29, 45], [2, 27]"
Fri 24-Feb-2023,
Thu 23-Feb-2023,"[3, 5, 6, 11, 24, 26, 30], [9]"
Wed 22-Feb-2023,"[7, 9, 10, 16, 21, 29], [38, 43]"
Tue 21-Feb-2023,"[1, 3, 4, 21, 24, 36, 38], [43, 44, 46]"
Mon 20-Feb-2023,"[3, 17, 19, 30, 37, 38], [8, 28]"
Sun 19-Feb-2023,
Sat 18-Feb-2023,"[8, 11, 16, 24, 30, 34], [18, 21]"
Fri 17-Feb-2023,
Thu 16-Feb-2023,"[5, 8, 12, 13, 20, 21, 35], [8]"
Wed 15-Feb-2023,"[5, 11, 17, 21, 30, 35], [13, 33]"
Tue 14-Feb-2023,"[5, 8, 14, 18, 27, 38, 41], [2, 11, 13]"
Mon 13-Feb-2023,"[6, 11, 17, 40, 41, 44], [10, 39]"
Sun 12-Feb-2023,
Sat 11-Feb-2023,"[4, 7, 19, 20, 21, 22], [16, 17]"
Fri 10-Feb-2023,
Thu 09-Feb-2023,"[3, 8, 11, 16, 28, 32, 35], [13]"
Wed 08-Feb-2023,"[19, 23, 28, 31, 38, 40], [34, 36]"
Tue 07-Feb-2023,"[5, 7, 14, 18, 20, 22, 43], [1, 2, 33]"
Mon 06-Feb-2023,"[6, 8, 9, 20, 33, 41], [12, 27]"
Sun 05-Feb-2023,
Sat 04-Feb-2023,"[11, 27, 31, 34, 39, 45], [5, 28]"
Fri 03-Feb-2023,
Thu 02-Feb-2023,"[2, 7, 15, 21, 24, 31, 35], [18]"
Wed 01-Feb-2023,"[1, 8, 31, 38, 41, 44], [7, 26]"
Tue 31-Jan-2023,"[5, 6, 9, 10, 24, 27, 34], [13, 26, 39]"
Mon 30-Jan-2023,"[5, 8, 11, 20, 39, 42], [25, 38]"
Sun 29-Jan-2023,
Sat 28-Jan-2023,"[7, 24, 27, 30, 39, 44], [5, 38]"
Fri 27-Jan-2023,
Thu 26-Jan-2023,"[1, 15, 21, 28, 30, 31, 33], [16]"
Wed 25-Jan-2023,"[5, 7, 8, 21, 25, 27], [12, 39]"
Tue 24-Jan-2023,"[7, 8, 18, 30, 43, 44, 46], [9, 10, 32]"
Mon 23-Jan-2023,"[1, 2, 3, 4, 34, 36], [18, 26]"
Sun 22-Jan-2023,
Sat 21-Jan-2023,"[9, 10, 11, 23, 32, 40], [5, 17]"
Fri 20-Jan-2023,
Thu 19-Jan-2023,"[3, 19, 21, 30, 32, 34, 35], [1]"
Wed 18-Jan-2023,"[1, 5, 10, 18, 36, 45], [19, 31]"
Tue 17-Jan-2023,"[9, 10, 11, 33, 37, 38, 46], [21, 24, 32]"
Mon 16-Jan-2023,"[6, 9, 12, 32, 36, 39], [8, 20]"
Sun 15-Jan-2023,
Sat 14-Jan-2023,"[11, 19, 30, 37, 39, 45], [3, 21]"
Fri 13-Jan-2023,
Thu 12-Jan-2023,"[3, 10, 18, 22, 29, 30, 34], [5]"
Wed 11-Jan-2023,"[4, 9, 13, 16, 25, 27], [29, 42]"
Tue 10-Jan-2023,"[7, 10, 26, 27, 37, 38, 42], [33, 34, 47]"
Mon 09-Jan-2023,"[8, 12, 15, 18, 28, 45], [3, 13]"
Sun 08-Jan-2023,
Sat 07-Jan-2023,"[2, 9, 11, 17, 18, 38], [37, 41]"
Fri 06-Jan-2023,
Thu 05-Jan-2023,"[5, 7, 9, 13, 21, 27, 35], [6]"
Wed 04-Jan-2023,"[6, 8, 30, 31, 42, 43], [13, 39]"
Tue 03-Jan-2023,"[7, 20, 24, 30, 35, 41, 43], [17, 19, 40]"
Mon 02-Jan-2023,"[6, 10, 25, 31, 42, 43], [9, 40]"
Sun 01-Jan-2023,
Sat 31-Dec-2022,"[11, 20, 23, 35, 42, 45], [8, 38]"
Fri 30-Dec-2022,
Thu 29-Dec-2022,"[4, 6, 9, 22, 23, 24, 26], [18]"
Wed 28-Dec-2022,"[5, 9, 30, 39, 41, 45], [16, 38]"
Tue 27-Dec-2022,"[4, 8, 12, 19, 21, 27, 33], [7, 16, 24]"
Mon 26-Dec-2022,"[7, 10, 21, 33, 35, 42], [16, 17]"
Sun 25-Dec-2022,
Sat 24-Dec-2022,"[4, 7, 8, 24, 32, 39], [17, 34]"
Fri 23-Dec-2022,
Thu 22-Dec-2022,"[5, 7, 18, 21, 23, 28, 31], [4]"
Wed 21-Dec-2022,"[4, 8, 9, 30, 41, 45], [24, 26]"
Tue 20-Dec-2022,"[9, 10, 12, 14, 27, 29, 37], [31, 40, 47]"
Mon 19-Dec-2022,"[9, 11, 20, 30, 35, 40], [33, 45]"
Sun 18-Dec-2022,
Sat 17-Dec-2022,"[3, 8, 28, 36, 37, 41], [9, 16]"
Fri 16-Dec-2022,
Thu 15-Dec-2022,"[1, 7, 19, 21, 22, 26, 34], [2]"
Wed 14-Dec-2022,"[14, 19, 23, 29, 31, 42], [30, 44]"
Tue 13-Dec-2022,"[11, 13, 17, 25, 35, 37, 38], [14, 23, 42]"
Mon 12-Dec-2022,"[2, 21, 22, 26, 29, 37], [16, 18]"
Sun 11-Dec-2022,
Sat 10-Dec-2022,"[6, 14, 22, 24, 35, 44], [10, 39]"
Fri 09-Dec-2022,
Thu 08-Dec-2022,"[4, 10, 14, 18, 19, 21, 35], [11]"
Wed 07-Dec-2022,"[2, 14, 16, 18, 20, 44], [4, 40]"
Tue 06-Dec-2022,"[2, 5, 11, 24, 32, 34, 44], [20, 39, 46]"
Mon 05-Dec-2022,"[9, 15, 23, 25, 28, 44], [2, 4]"
Sun 04-Dec-2022,
Sat 03-Dec-2022,"[4, 8, 10, 12, 15, 39], [37, 45]"
Fri 02-Dec-2022,
Thu 01-Dec-2022,"[2, 4, 5, 7, 8, 29, 34], [15]"
Wed 30-Nov-2022,"[9, 13, 16, 25, 35, 44], [14, 17]"
Tue 29-Nov-2022,"[3, 9, 11, 15, 20, 24, 40], [26, 28, 45]"
Mon 28-Nov-2022,"[7, 9, 20, 27, 37, 38], [34, 36]"
Sun 27-Nov-2022,
Sat 26-Nov-2022,"[12, 14, 22, 29, 31, 45], [11, 36]"
Fri 25-Nov-2022,
Thu 24-Nov-2022,"[6, 9, 14, 25, 27, 31, 33], [15]"
Wed 23-Nov-2022,"[10, 25, 27, 36, 38, 42], [16, 19]"
Tue 22-Nov-2022,"[1, 12, 15, 19, 22, 27, 40], [23, 33, 35]"
Mon 21-Nov-2022,"[10, 22, 25, 30, 33, 38], [17, 36]"
Sun 20-Nov-2022,
Sat 19-Nov-2022,"[9, 12, 14, 23, 31, 43], [13, 29]"
Fri 18-Nov-2022,
Thu 17-Nov-2022,"[1, 5, 6, 7, 14, 19, 33], [17]"
Wed 16-Nov-2022,"[20, 21, 23, 25, 31, 38], [19, 36]"
Tue 15-Nov-2022,"[4, 11, 14, 22, 25, 33, 44], [19, 23, 42]"
Mon 14-Nov-2022,"[1, 4, 22, 39, 43, 45], [17, 19]"
Sun 13-Nov-2022,
Sat 12-Nov-2022,"[3, 6, 12, 18, 31, 35], [9, 34]"
Fri 11-Nov-2022,
Thu 10-Nov-2022,"[3, 5, 14, 15, 17, 22, 32], [7]"
Wed 09-Nov-2022,"[4, 11, 25, 35, 38, 40], [7, 28]"
Tue 08-Nov-2022,"[1, 2, 19, 23, 28, 30, 40], [21, 25, 44]"
Mon 07-Nov-2022,"[7, 8, 28, 32, 36, 41], [30, 42]"
Sun 06-Nov-2022,
Sat 05-Nov-2022,"[12, 19, 26, 29, 39, 45], [13, 15]"
Fri 04-Nov-2022,
Thu 03-Nov-2022,"[2, 6, 8, 12, 22, 24, 32], [2]"
Wed 02-Nov-2022,"[13, 20, 27, 30, 34, 39], [4, 42]"
Tue 01-Nov-2022,"[6, 9, 13, 18, 26, 30, 31], [16, 22, 37]"
Mon 31-Oct-2022,"[4, 6, 26, 29, 38, 42], [14, 22]"
Sun 30-Oct-2022,
Sat 29-Oct-2022,"[3, 6, 7, 9, 22, 42], [13, 16]"
Fri 28-Oct-2022,
Thu 27-Oct-2022,"[2, 4, 7, 10, 12, 18, 34], [7]"
Wed 26-Oct-2022,"[14, 16, 17, 23, 25, 40], [24, 38]"
Tue 25-Oct-2022,"[1, 7, 9, 15, 23, 32, 39], [18, 36, 40]"
Mon 24-Oct-2022,"[2, 6, 9, 21, 22, 33], [20, 34]"
Sun 23-Oct-2022,
Sat 22-Oct-2022,"[7, 17, 21, 24, 35, 41], [5, 23]"
Fri 21-Oct-2022,
Thu 20-Oct-2022,"[6, 11, 14, 17, 24, 25, 33], [18]"
Wed 19-Oct-2022,"[12, 16, 28, 32, 33, 40], [4, 15]"
Tue 18-Oct-2022,"[8, 14, 15, 21, 25, 37, 42], [13, 17, 45]"
Mon 17-Oct-2022,"[5, 12, 13, 14, 24, 45], [6, 31]"
Sun 16-Oct-2022,
Sat 15-Oct-2022,"[5, 7, 11, 12, 24, 40], [15, 28]"
Fri 14-Oct-2022,
Thu 13-Oct-2022,"[1, 13, 16, 18, 25, 31, 35], [2]"
Wed 12-Oct-2022,"[3, 10, 15, 19, 41, 42], [5, 36]"
Tue 11-Oct-2022,"[16, 19, 23, 27, 31, 32, 47], [2, 14, 45]"
Mon 10-Oct-2022,"[16, 17, 18, 29, 32, 34], [7, 26]"
Sun 09-Oct-2022,
Sat 08-Oct-2022,"[17, 20, 23, 33, 37, 45], [18, 22]"
Fri 07-Oct-2022,
Thu 06-Oct-2022,"[3, 4, 6, 14, 17, 28, 35], [10]"
Wed 05-Oct-2022,"[11, 13, 15, 27, 29, 42], [19, 39]"
Tue 04-Oct-2022,"[5, 17, 20, 37, 39, 42, 47], [22, 29, 38]"
Mon 03-Oct-2022,"[6, 8, 13, 23, 32, 43], [41, 42]"
Sun 02-Oct-2022,
Sat 01-Oct-2022,"[9, 20, 25, 30, 32, 40], [34, 35]"
Fri 30-Sep-2022,
Thu 29-Sep-2022,"[9, 12, 15, 16, 19, 20, 35], [4]"
Wed 28-Sep-2022,"[5, 21, 29, 32, 37, 42], [8, 11]"
Tue 27-Sep-2022,"[2, 6, 9, 10, 33, 35, 36], [16, 21, 41]"
Mon 26-Sep-2022,"[6, 9, 10, 16, 17, 22], [4, 44]"
Sun 25-Sep-2022,
Sat 24-Sep-2022,"[5, 7, 10, 14, 34, 41], [4, 44]"
Fri 23-Sep-2022,
Thu 22-Sep-2022,"[10, 15, 21, 24, 26, 28, 35], [8]"
Wed 21-Sep-2022,"[12, 15, 24, 26, 29, 34], [27, 43]"
Tue 20-Sep-2022,"[5, 21, 22, 24, 29, 33, 37], [8, 14, 23]"
Mon 19-Sep-2022,"[3, 24, 29, 36, 37, 40], [11, 27]"
Sun 18-Sep-2022,
Sat 17-Sep-2022,"[4, 7, 9, 21, 23, 25], [6, 11]"
Fri 16-Sep-2022,
Thu 15-Sep-2022,"[2, 9, 10, 13, 22, 31, 35], [15]"
Wed 14-Sep-2022,"[6, 10, 16, 28, 35, 43], [8, 36]"
Tue 13-Sep-2022,"[11, 13, 14, 16, 28, 33, 37], [10, 29, 31]"
Mon 12-Sep-2022,"[5, 7, 25, 30, 32, 39], [17, 28]"
Sun 11-Sep-2022,
Sat 10-Sep-2022,"[2, 8, 11, 31, 32, 45], [14, 41]"
Fri 09-Sep-2022,
Thu 08-Sep-2022,"[13, 15, 21, 23, 25, 30, 31], [10]"
Wed 07-Sep-2022,"[5, 25, 28, 31, 38, 44], [23, 43]"
Tue 06-Sep-2022,"[8, 12, 19, 28, 32, 34, 41], [9, 18, 20]"
Mon 05-Sep-2022,"[9, 15, 25, 26, 28, 35], [24, 36]"
Sun 04-Sep-2022,
Sat 03-Sep-2022,"[3, 6, 10, 18, 21, 39], [41, 43]"
Fri 02-Sep-2022,
Thu 01-Sep-2022,"[3, 4, 10, 12, 15, 26, 34], [20]"
Wed 31-Aug-2022,"[1, 5, 24, 42, 44, 45], [3, 32]"
Tue 30-Aug-2022,"[12, 24, 27, 28, 32, 34, 39], [17, 18, 22]"
Mon 29-Aug-2022,"[4, 8, 14, 25, 33, 39], [28, 42]"
Sun 28-Aug-2022,
Sat 27-Aug-2022,"[2, 3, 6, 23, 41, 42], [24, 39]"
Fri 26-Aug-2022,
Thu 25-Aug-2022,"[4, 8, 12, 16, 25, 31, 32], [17]"
Wed 24-Aug-2022,"[1, 10, 18, 21, 44, 45], [11, 42]"
Tue 23-Aug-2022,"[1, 3, 5, 6, 18, 21, 23], [10, 35, 40]"
Mon 22-Aug-2022,"[7, 8, 17, 26, 39, 41], [18, 42]"
Sun 21-Aug-2022,
Sat 20-Aug-2022,"[6, 16, 34, 35, 37, 42], [18, 40]"
Fri 19-Aug-2022,
Thu 18-Aug-2022,"[1, 2, 4, 20, 22, 23, 27], [20]"
Wed 17-Aug-2022,"[1, 10, 14, 24, 27, 32], [8, 25]"
Tue 16-Aug-2022,"[4, 5, 17, 28, 36, 45, 47], [6, 30, 46]"
Mon 15-Aug-2022,"[21, 22, 23, 30, 41, 44], [4, 7]"
Sun 14-Aug-2022,
Sat 13-Aug-2022,"[1, 15, 20, 29, 35, 38], [8, 31]"
Fri 12-Aug-2022,
Thu 11-Aug-2022,"[5, 9, 18, 22, 23, 28, 30], [3]"
Wed 10-Aug-2022,"[1, 13, 15, 17, 37, 45], [40, 41]"
Tue 09-Aug-2022,"[13, 16, 21, 32, 37, 43, 45], [28, 31, 46]"
Mon 08-Aug-2022,"[13, 17, 25, 28, 34, 36], [3, 31]"
Sun 07-Aug-2022,
Sat 06-Aug-2022,"[14, 15, 24, 31, 33, 39], [4, 40]"
Fri 05-Aug-2022,
Thu 04-Aug-2022,"[6, 11, 13, 17, 21, 23, 32], [15]"
Wed 03-Aug-2022,"[3, 9, 11, 22, 38, 44], [25, 28]"
Tue 02-Aug-2022,"[22, 23, 27, 33, 38, 39, 42], [4, 20, 37]"
Mon 01-Aug-2022,"[8, 16, 19, 26, 36, 40], [9, 42]"
Sun 31-Jul-2022,
Sat 30-Jul-2022,"[8, 12, 17, 21, 26, 42], [13, 35]"
Fri 29-Jul-2022,
Thu 28-Jul-2022,"[5, 9, 10, 19, 23, 24, 34], [13]"
Wed 27-Jul-2022,"[21, 24, 28, 29, 37, 39], [2, 19]"
Tue 26-Jul-2022,"[11, 23, 27, 29, 30, 41, 42], [8, 9, 15]"
Mon 25-Jul-2022,"[14, 18, 22, 26, 31, 36], [11, 41]"
Sun 24-Jul-2022,
Sat 23-Jul-2022,"[3, 20, 24, 32, 38, 40], [5, 31]"
Fri 22-Jul-2022,
Thu 21-Jul-2022,"[2, 7, 8, 9, 24, 25, 26], [9]"
Wed 20-Jul-2022,"[2, 7, 12, 19, 32, 41], [10, 38]"
Tue 19-Jul-2022,"[7, 9, 11, 12, 21, 28, 34], [2, 4, 16]"
Mon 18-Jul-2022,"[1, 6, 7, 11, 37, 39], [10, 21]"
Sun 17-Jul-2022,
Sat 16-Jul-2022,"[8, 11, 19, 23, 35, 37], [34, 42]"
Fri 15-Jul-2022,
Thu 14-Jul-2022,"[1, 6, 17, 20, 26, 33, 35], [5]"
Wed 13-Jul-2022,"[9, 17, 22, 23, 32, 42], [7, 39]"
Tue 12-Jul-2022,"[1, 5, 14, 18, 24, 38, 40], [27, 36, 47]"
Mon 11-Jul-2022,"[8, 22, 23, 26, 39, 40], [28, 37]"
Sun 10-Jul-2022,
Sat 09-Jul-2022,"[6, 23, 30, 37, 43, 44], [1, 45]"
Fri 08-Jul-2022,
Thu 07-Jul-2022,"[3, 6, 13, 14, 16, 28, 30], [11]"
Wed 06-Jul-2022,"[4, 8, 10, 39, 42, 44], [33, 45]"
Tue 05-Jul-2022,"[2, 17, 20, 22, 29, 31, 41], [7, 18, 36]"
Mon 04-Jul-2022,"[15, 16, 18, 25, 27, 41], [4, 21]"
Sun 03-Jul-2022,
Sat 02-Jul-2022,"[10, 15, 17, 31, 37, 42], [7, 11]"
Fri 01-Jul-2022,
Thu 30-Jun-2022,"[1, 6, 11, 16, 17, 22, 29], [2]"
Wed 29-Jun-2022,"[1, 17, 30, 32, 41, 45], [38, 43]"
Tue 28-Jun-2022,"[23, 28, 38, 42, 43, 44, 47], [24, 39, 41]"
Mon 27-Jun-2022,"[4, 21, 28, 36, 38, 42], [30, 40]"
Sun 26-Jun-2022,
Sat 25-Jun-2022,"[6, 16, 18, 20, 25, 36], [33, 39]"
Fri 24-Jun-2022,
Thu 23-Jun-2022,"[2, 7, 9, 10, 22, 31, 35], [19]"
Wed 22-Jun-2022,"[5, 14, 16, 24, 35, 38], [20, 27]"
Tue 21-Jun-2022,"[7, 11, 12, 16, 40, 41, 45], [3, 24, 46]"
Mon 20-Jun-2022,"[1, 4, 13, 20, 33, 39], [29, 37]"
Sun 19-Jun-2022,
Sat 18-Jun-2022,"[1, 11, 22, 27, 34, 37], [43, 44]"
Fri 17-Jun-2022,
Thu 16-Jun-2022,"[3, 6, 12, 15, 18, 28, 29], [15]"
Wed 15-Jun-2022,"[4, 15, 17, 18, 23, 24], [3, 36]"
Tue 14-Jun-2022,"[2, 3, 16, 22, 24, 25, 35], [31, 36, 44]"
Mon 13-Jun-2022,"[2, 5, 8, 31, 35, 37], [17, 29]"
Sun 12-Jun-2022,
Sat 11-Jun-2022,"[10, 11, 19, 21, 39, 45], [25, 35]"
Fri 10-Jun-2022,
Thu 09-Jun-2022,"[2, 3, 6, 13, 20, 23, 34], [12]"
Wed 08-Jun-2022,"[10, 21, 30, 35, 41, 43], [16, 38]"
Tue 07-Jun-2022,"[3, 4, 12, 25, 28, 33, 37], [9, 17, 19]"
Mon 06-Jun-2022,"[2, 5, 11, 20, 26, 45], [7, 14]"
Sun 05-Jun-2022,
Sat 04-Jun-2022,"[7, 8, 13, 17, 23, 25], [31, 42]"
Fri 03-Jun-2022,
Thu 02-Jun-2022,"[6, 8, 11, 15, 21, 31, 33], [7]"
Wed 01-Jun-2022,"[5, 8, 10, 15, 31, 42], [7, 36]"
Tue 31-May-2022,"[20, 21, 27, 30, 32, 36, 40], [8, 14, 28]"
Mon 30-May-2022,"[1, 18, 20, 21, 26, 36], [10, 12]"
Sun 29-May-2022,
Sat 28-May-2022,"[15, 17, 19, 28, 32, 33], [2, 24]"
Fri 27-May-2022,
Thu 26-May-2022,"[10, 13, 16, 19, 21, 25, 33], [18]"
Wed 25-May-2022,"[1, 16, 24, 28, 32, 37], [35, 38]"
Tue 24-May-2022,"[5, 19, 29, 37, 45, 46, 47], [40, 42, 43]"
Mon 23-May-2022,"[4, 12, 19, 21, 24, 36], [8, 37]"
Sun 22-May-2022,
Sat 21-May-2022,"[5, 9, 13, 23, 38, 41], [4, 43]"
Fri 20-May-2022,
Thu 19-May-2022,"[5, 8, 11, 15, 27, 28, 34], [3]"
Wed 18-May-2022,"[12, 14, 17, 19, 27, 30], [28, 32]"
Tue 17-May-2022,"[5, 8, 21, 30, 39, 44, 45], [1, 25, 40]"
Mon 16-May-2022,"[6, 12, 17, 34, 35, 43], [10, 25]"
Sun 15-May-2022,
Sat 14-May-2022,"[15, 20, 25, 27, 35, 39], [9, 21]"
Fri 13-May-2022,
Thu 12-May-2022,"[4, 7, 9, 14, 16, 18, 22], [10]"
Wed 11-May-2022,"[7, 9, 26, 39, 42, 45], [1, 29]"
Tue 10-May-2022,"[1, 3, 6, 7, 19, 42, 43], [26, 28, 4]"
Mon 09-May-2022,"[13, 24, 32, 40, 42, 45], [1, 25]"
Sun 08-May-2022,
Sat 07-May-2022,"[6, 7, 11, 13, 17, 45], [23, 43]"
Fri 06-May-2022,
Thu 05-May-2022,"[2, 12, 16, 17, 26, 30, 35], [19]"
Wed 04-May-2022,"[10, 26, 32, 33, 35, 39], [20, 28]"
Tue 03-May-2022,
Mon 02-May-2022,"[10, 11, 17, 18, 23, 43], [4, 42]"
Sun 01-May-2022,
Sat 30-Apr-2022,"[3, 8, 10, 20, 36, 42], [9, 45]"
Fri 29-Apr-2022,
Thu 28-Apr-2022,"[1, 7, 12, 16, 19, 24, 25], [7]"
Wed 27-Apr-2022,"[1, 4, 15, 16, 24, 30], [7, 34]"
Tue 26-Apr-2022,"[4, 5, 17, 22, 30, 34, 45], [31, 44, 5]"
Mon 25-Apr-2022,"[1, 16, 19, 23, 40, 43], [7, 38]"
Sun 24-Apr-2022,
Sat 23-Apr-2022,"[3, 23, 31, 33, 39, 45], [17, 20]"
Fri 22-Apr-2022,
Thu 21-Apr-2022,"[15, 17, 19, 22, 25, 28, 29], [6]"
Wed 20-Apr-2022,"[2, 12, 17, 26, 27, 40], [37, 43]"
Tue 19-Apr-2022,
Mon 18-Apr-2022,"[3, 6, 7, 11, 25, 28], [17, 30]"
Sun 17-Apr-2022,
Sat 16-Apr-2022,"[11, 12, 14, 15, 23, 37], [20, 42]"
Fri 15-Apr-2022,
Thu 14-Apr-2022,"[2, 3, 5, 11, 14, 20, 31], [4]"
Wed 13-Apr-2022,"[3, 17, 32, 34, 36, 45], [24, 43]"
Tue 12-Apr-2022,"[2, 14, 23, 25, 26, 27, 30], [4, 36, 3]"
Mon 11-Apr-2022,"[26, 30, 32, 36, 37, 40], [10, 35]"
Sun 10-Apr-2022,
Sat 09-Apr-2022,"[1, 8, 19, 31, 35, 40], [15, 38]"
Fri 08-Apr-2022,
Thu 07-Apr-2022,"[3, 5, 7, 10, 15, 30, 34], [12]"
Wed 06-Apr-2022,"[10, 13, 17, 28, 36, 37], [16, 41]"
Tue 05-Apr-2022,
Mon 04-Apr-2022,"[1, 9, 12, 14, 20, 32], [21, 34]"
Sun 03-Apr-2022,
Sat 02-Apr-2022,"[1, 4, 6, 15, 21, 27], [19, 41]"
Fri 01-Apr-2022,
Thu 31-Mar-2022,"[6, 10, 13, 26, 27, 28, 34], [11]"
Wed 30-Mar-2022,"[11, 13, 16, 18, 20, 21], [28, 30]"
Tue 29-Mar-2022,"[4, 7, 14, 15, 17, 23, 43], [3, 16, 2]"
Mon 28-Mar-2022,"[2, 19, 23, 25, 35, 41], [17, 18]"
Sun 27-Mar-2022,
Sat 26-Mar-2022,"[2, 8, 13, 21, 22, 33], [10, 27]"
Fri 25-Mar-2022,
Thu 24-Mar-2022,"[4, 5, 9, 21, 23, 28, 32], [20]"
Wed 23-Mar-2022,"[2, 3, 11, 16, 24, 38], [6, 29]"
Tue 22-Mar-2022,
Mon 21-Mar-2022,"[2, 16, 20, 24, 33, 38], [30, 31]"
Sun 20-Mar-2022,
Sat 19-Mar-2022,"[10, 24, 32, 34, 38, 43], [6, 25]"
Fri 18-Mar-2022,
Thu 17-Mar-2022,"[2, 7, 13, 17, 19, 23, 25], [13]"
Wed 16-Mar-2022,"[2, 6, 9, 19, 28, 31], [27, 37]"
Tue 15-Mar-2022,"[6, 7, 12, 17, 33, 37, 41], [11, 34, 7]"
Mon 14-Mar-2022,"[21, 33, 34, 37, 38, 42], [20, 29]"
Sun 13-Mar-2022,
Sat 12-Mar-2022,"[4, 29, 35, 37, 40, 41], [21, 27]"
Fri 11-Mar-2022,
Thu 10-Mar-2022,"[5, 13, 15, 16, 19, 29, 35], [16]"
Wed 09-Mar-2022,"[4, 8, 14, 17, 36, 44], [33, 35]"
Tue 08-Mar-2022,
Mon 07-Mar-2022,"[4, 15, 19, 30, 33, 34], [6, 16]"
Sun 06-Mar-2022,
Sat 05-Mar-2022,"[2, 16, 18, 19, 30, 40], [9, 28]"
Fri 04-Mar-2022,
Thu 03-Mar-2022,"[2, 4, 12, 18, 24, 27, 28], [4]"
Wed 02-Mar-2022,"[15, 24, 27, 31, 36, 42], [12, 18]"
Tue 01-Mar-2022,"[4, 6, 19, 20, 29, 31, 32], [26, 39, 14]"
Mon 28-Feb-2022,"[9, 12, 22, 26, 30, 38], [35, 40]"
Sun 27-Feb-2022,
Sat 26-Feb-2022,"[3, 7, 16, 23, 26, 34], [17, 35]"
Fri 25-Feb-2022,
Thu 24-Feb-2022,"[6, 9, 15, 27, 28, 32, 33], [8]"
Wed 23-Feb-2022,"[4, 8, 13, 20, 31, 37], [3, 23]"
Tue 22-Feb-2022,
Mon 21-Feb-2022,"[3, 21, 25, 34, 39, 45], [35, 41]"
Sun 20-Feb-2022,
Sat 19-Feb-2022,"[1, 5, 18, 20, 23, 34], [9, 35]"
Fri 18-Feb-2022,
Thu 17-Feb-2022,"[6, 7, 13, 22, 24, 30, 34], [10]"
Wed 16-Feb-2022,"[4, 7, 10, 14, 26, 28], [13, 33]"
Tue 15-Feb-2022,"[5, 7, 9, 16, 28, 37, 41], [31, 35, 1]"
Mon 14-Feb-2022,"[4, 11, 29, 31, 35, 37], [5, 21]"
Sun 13-Feb-2022,
Sat 12-Feb-2022,"[13, 35, 36, 37, 42, 43], [5, 15]"
Fri 11-Feb-2022,
Thu 10-Feb-2022,"[3, 5, 16, 19, 26, 31, 32], [6]"
Wed 09-Feb-2022,"[1, 17, 19, 26, 39, 41], [29, 36]"
Tue 08-Feb-2022,
Mon 07-Feb-2022,"[4, 5, 19, 20, 25, 26], [7, 42]"
Sun 06-Feb-2022,
Sat 05-Feb-2022,"[2, 9, 10, 11, 22, 37], [6, 40]"
Fri 04-Feb-2022,
Thu 03-Feb-2022,"[11, 16, 18, 21, 22, 26, 31], [8]"
Wed 02-Feb-2022,"[5, 8, 15, 27, 33, 45], [16, 36]"
Tue 01-Feb-2022,"[8, 10, 20, 23, 37, 43, 44], [12, 18, 4]"
Mon 31-Jan-2022,"[2, 12, 17, 21, 41, 43], [13, 29]"
Sun 30-Jan-2022,
Sat 29-Jan-2022,"[8, 9, 22, 23, 34, 40], [13, 17]"
Fri 28-Jan-2022,
Thu 27-Jan-2022,"[4, 10, 15, 25, 27, 28, 32], [18]"
Wed 26-Jan-2022,"[5, 9, 11, 14, 21, 39], [30, 43]"
Tue 25-Jan-2022,
Mon 24-Jan-2022,"[1, 9, 20, 22, 34, 38], [5, 13]"
Sun 23-Jan-2022,
Sat 22-Jan-2022,"[1, 12, 14, 21, 39, 43], [19, 32]"
Fri 21-Jan-2022,
Thu 20-Jan-2022,"[11, 14, 25, 26, 31, 34, 35], [1]"
Wed 19-Jan-2022,"[15, 22, 25, 27, 41, 43], [2, 18]"
Tue 18-Jan-2022,"[3, 9, 14, 17, 30, 37, 38], [12, 34, 1]"
Mon 17-Jan-2022,"[10, 21, 27, 32, 35, 40], [11, 36]"
Sun 16-Jan-2022,
Sat 15-Jan-2022,"[3, 11, 19, 33, 38, 42], [13, 39]"
Fri 14-Jan-2022,
Thu 13-Jan-2022,"[2, 9, 13, 24, 28, 29, 33], [13]"
Wed 12-Jan-2022,"[7, 15, 18, 22, 31, 37], [20, 43]"
Tue 11-Jan-2022,
Mon 10-Jan-2022,"[1, 8, 13, 27, 31, 35], [4, 5]"
Sun 09-Jan-2022,
Sat 08-Jan-2022,"[3, 17, 20, 24, 27, 29], [9, 18]"
Fri 07-Jan-2022,
Thu 06-Jan-2022,"[5, 15, 20, 27, 28, 29, 34], [8]"
Wed 05-Jan-2022,"[3, 5, 7, 12, 36, 40], [20, 42]"
Tue 04-Jan-2022,"[5, 6, 11, 24, 25, 26, 44], [34, 35, 0]"
Mon 03-Jan-2022,"[10, 23, 26, 35, 40, 44], [25, 38]"
Sun 02-Jan-2022,
Sat 01-Jan-2022,
Fri 31-Dec-2021,"[8, 14, 15, 20, 32, 43], [31, 35]"
Thu 30-Dec-2021,"[16, 18, 19, 23, 26, 32, 35], [10]"
Wed 29-Dec-2021,"[6, 9, 11, 29, 31, 32], [24, 36]"
Tue 28-Dec-2021,"[14, 20, 25, 31, 41, 42, 45], [3, 6, 3]"
Mon 27-Dec-2021,"[9, 13, 22, 32, 39, 45], [29, 41]"
Sun 26-Dec-2021,
Sat 25-Dec-2021,"[6, 19, 21, 30, 31, 42], [15, 38]"
Fri 24-Dec-2021,
Thu 23-Dec-2021,"[3, 10, 13, 16, 20, 29, 33], [19]"
Wed 22-Dec-2021,"[3, 10, 15, 21, 23, 28], [30, 39]"
Tue 21-Dec-2021,
Mon 20-Dec-2021,"[6, 16, 17, 19, 23, 40], [2, 7]"
Sun 19-Dec-2021,
Sat 18-Dec-2021,"[1, 19, 25, 29, 36, 44], [21, 35]"
Fri 17-Dec-2021,
Thu 16-Dec-2021,"[3, 18, 25, 30, 32, 33, 34], [6]"
Wed 15-Dec-2021,"[5, 10, 11, 33, 34, 42], [18, 32]"
Tue 14-Dec-2021,"[1, 3, 23, 26, 31, 34, 41], [16, 36, 0]"
Mon 13-Dec-2021,"[2, 14, 20, 27, 28, 29], [24, 40]"
Sun 12-Dec-2021,
Sat 11-Dec-2021,"[6, 12, 27, 35, 37, 39], [2, 19]"
Fri 10-Dec-2021,
Thu 09-Dec-2021,"[4, 9, 14, 25, 28, 29, 34], [3]"
Wed 08-Dec-2021,"[2, 6, 12, 30, 32, 37], [23, 28]"
Tue 07-Dec-2021,"[12, 17, 22, 28, 33, 36, 40], [24, 45, 3]"
Mon 06-Dec-2021,"[9, 14, 17, 25, 30, 41], [6, 16]"
Sun 05-Dec-2021,
Sat 04-Dec-2021,"[8, 24, 31, 39, 44, 45], [21, 41]"
Fri 03-Dec-2021,
Thu 02-Dec-2021,"[4, 5, 19, 26, 27, 30, 33], [8]"
Wed 01-Dec-2021,"[12, 17, 18, 31, 37, 41], [21, 33]"
Tue 30-Nov-2021,
Mon 29-Nov-2021,"[2, 6, 14, 22, 36, 43], [12, 42]"
Sun 28-Nov-2021,
Sat 27-Nov-2021,"[3, 5, 27, 34, 41, 45], [10, 24]"
Fri 26-Nov-2021,
Thu 25-Nov-2021,"[3, 9, 16, 17, 21, 22, 34], [9]"
Wed 24-Nov-2021,"[4, 5, 6, 10, 36, 39], [21, 32]"
Tue 23-Nov-2021,"[4, 7, 10, 17, 19, 26, 38], [22, 23, 13]"
Mon 22-Nov-2021,"[3, 9, 12, 25, 31, 35], [4, 41]"
Sun 21-Nov-2021,
Sat 20-Nov-2021,"[9, 17, 20, 21, 25, 33], [4, 19]"
Fri 19-Nov-2021,
Thu 18-Nov-2021,"[1, 3, 5, 8, 13, 19, 34], [11]"
Wed 17-Nov-2021,"[4, 8, 24, 32, 40, 42], [3, 16]"
Tue 16-Nov-2021,
Mon 15-Nov-2021,"[5, 13, 21, 26, 29, 41], [14, 43]"
Sun 14-Nov-2021,
Sat 13-Nov-2021,"[17, 22, 26, 29, 32, 40], [12, 21]"
Fri 12-Nov-2021,
Thu 11-Nov-2021,"[1, 2, 3, 4, 15, 17, 20], [16]"
Wed 10-Nov-2021,"[8, 11, 13, 24, 30, 43], [12, 32]"
Tue 09-Nov-2021,"[6, 11, 17, 36, 40, 44, 45], [19, 27, 1]"
Mon 08-Nov-2021,"[8, 11, 25, 26, 30, 42], [22, 32]"
Sun 07-Nov-2021,
Sat 06-Nov-2021,"[11, 15, 28, 30, 33, 39], [19, 35]"
Fri 05-Nov-2021,
Thu 04-Nov-2021,"[8, 12, 15, 18, 27, 30, 34], [8]"
Wed 03-Nov-2021,"[5, 10, 23, 25, 28, 33], [1, 18]"
Tue 02-Nov-2021,
Mon 01-Nov-2021,"[12, 24, 26, 31, 37, 40], [1, 39]"
Sun 31-Oct-2021,
Sat 30-Oct-2021,"[4, 16, 26, 29, 30, 32], [37, 43]"
Fri 29-Oct-2021,
Thu 28-Oct-2021,"[9, 10, 14, 15, 23, 26, 29], [3]"
Wed 27-Oct-2021,"[9, 14, 18, 19, 22, 44], [21, 42]"
Tue 26-Oct-2021,"[1, 13, 15, 17, 32, 44, 45], [8, 34, 8]"
Mon 25-Oct-2021,"[1, 4, 6, 11, 17, 20], [32, 41]"
Sun 24-Oct-2021,
Sat 23-Oct-2021,"[9, 10, 16, 22, 26, 32], [17, 38]"
Fri 22-Oct-2021,
Thu 21-Oct-2021,"[2, 7, 11, 17, 27, 28, 30], [11]"
Wed 20-Oct-2021,"[9, 14, 21, 31, 41, 43], [3, 22]"
Tue 19-Oct-2021,
Mon 18-Oct-2021,"[7, 11, 19, 20, 34, 39], [4, 18]"
Sun 17-Oct-2021,
Sat 16-Oct-2021,"[2, 7, 17, 26, 27, 38], [1, 19]"
Fri 15-Oct-2021,
Thu 14-Oct-2021,"[12, 17, 20, 22, 23, 27, 32], [17]"
Wed 13-Oct-2021,"[1, 16, 19, 24, 39, 40], [11, 12]"
Tue 12-Oct-2021,"[4, 10, 13, 27, 30, 32, 37], [5, 41, 5]"
Mon 11-Oct-2021,"[16, 18, 26, 31, 41, 42], [4, 15]"
Sun 10-Oct-2021,
Sat 09-Oct-2021,"[18, 22, 24, 34, 40, 42], [19, 37]"
Fri 08-Oct-2021,
Thu 07-Oct-2021,"[4, 13, 18, 25, 27, 29, 34], [13]"
Wed 06-Oct-2021,"[4, 8, 19, 33, 37, 39], [6, 9]"
Tue 05-Oct-2021,
Mon 04-Oct-2021,"[11, 16, 18, 32, 39, 43], [10, 26]"
Sun 03-Oct-2021,
Sat 02-Oct-2021,"[13, 17, 26, 28, 33, 44], [18, 38]"
Fri 01-Oct-2021,
Thu 30-Sep-2021,"[2, 7, 14, 18, 24, 25, 27], [20]"
Wed 29-Sep-2021,"[4, 20, 23, 25, 26, 43], [1, 27]"
Tue 28-Sep-2021,"[2, 6, 17, 20, 32, 41, 42], [12, 14, 3]"
Mon 27-Sep-2021,"[2, 4, 15, 21, 24, 36], [3, 18]"
Sun 26-Sep-2021,
Sat 25-Sep-2021,"[6, 28, 29, 33, 36, 40], [26, 43]"
Fri 24-Sep-2021,
Thu 23-Sep-2021,"[3, 8, 10, 14, 21, 23, 24], [5]"
Wed 22-Sep-2021,"[3, 5, 29, 38, 41, 44], [24, 36]"
Tue 21-Sep-2021,
Mon 20-Sep-2021,"[5, 11, 16, 38, 43, 44], [12, 45]"
Sun 19-Sep-2021,
Sat 18-Sep-2021,"[5, 6, 15, 18, 36, 43], [24, 29]"
Fri 17-Sep-2021,
Thu 16-Sep-2021,"[1, 8, 9, 22, 30, 31, 32], [9]"
Wed 15-Sep-2021,"[11, 14, 25, 41, 44, 45], [10, 33]"
Tue 14-Sep-2021,"[5, 6, 8, 21, 23, 33, 35], [37, 41, 10]"
Mon 13-Sep-2021,"[14, 15, 18, 22, 24, 33], [16, 31]"
Sun 12-Sep-2021,
Sat 11-Sep-2021,"[8, 10, 17, 23, 26, 34], [36, 41]"
Fri 10-Sep-2021,
Thu 09-Sep-2021,"[2, 3, 6, 8, 17, 20, 23], [2]"
Wed 08-Sep-2021,"[5, 6, 23, 26, 38, 40], [13, 16]"
Tue 07-Sep-2021,
Mon 06-Sep-2021,"[1, 24, 30, 31, 32, 40], [3, 42]"
Sun 05-Sep-2021,
Sat 04-Sep-2021,"[14, 29, 31, 33, 44, 45], [19, 26]"
Fri 03-Sep-2021,
Thu 02-Sep-2021,"[4, 5, 12, 14, 17, 25, 28], [10]"
Wed 01-Sep-2021,"[13, 17, 25, 31, 35, 43], [6, 18]"
Tue 31-Aug-2021,"[8, 14, 17, 18, 34, 36, 42], [30, 40, 1]"
Mon 30-Aug-2021,"[2, 11, 15, 36, 41, 44], [5, 21]"
Sun 29-Aug-2021,
Sat 28-Aug-2021,"[17, 19, 21, 22, 23, 30], [32, 43]"
Fri 27-Aug-2021,
Thu 26-Aug-2021,"[10, 11, 14, 25, 27, 28, 32], [6]"
Wed 25-Aug-2021,"[8, 20, 22, 23, 27, 28], [37, 40]"
Tue 24-Aug-2021,
Mon 23-Aug-2021,"[10, 12, 25, 26, 35, 44], [28, 38]"
Sun 22-Aug-2021,
Sat 21-Aug-2021,"[6, 19, 34, 35, 40, 43], [22, 45]"
Fri 20-Aug-2021,
Thu 19-Aug-2021,"[2, 7, 8, 9, 10, 26, 30], [3]"
Wed 18-Aug-2021,"[3, 10, 16, 17, 32, 35], [11, 45]"
Tue 17-Aug-2021,"[5, 15, 18, 32, 35, 38, 44], [16, 42, 2]"
Mon 16-Aug-2021,"[8, 21, 23, 36, 38, 45], [2, 40]"
Sun 15-Aug-2021,
Sat 14-Aug-2021,"[3, 9, 13, 19, 24, 28], [29, 35]"
Fri 13-Aug-2021,
Thu 12-Aug-2021,"[4, 10, 17, 19, 21, 23, 26], [7]"
Wed 11-Aug-2021,"[2, 6, 20, 33, 36, 38], [11, 14]"
Tue 10-Aug-2021,
Mon 09-Aug-2021,"[7, 15, 20, 36, 41, 42], [28, 38]"
Sun 08-Aug-2021,
Sat 07-Aug-2021,"[5, 11, 12, 22, 28, 36], [1, 9]"
Fri 06-Aug-2021,
Thu 05-Aug-2021,"[7, 10, 11, 12, 16, 21, 25], [18]"
Wed 04-Aug-2021,"[2, 3, 7, 20, 32, 45], [14, 21]"
Tue 03-Aug-2021,"[4, 6, 7, 28, 37, 38, 45], [29, 43, 1]"
Mon 02-Aug-2021,"[1, 7, 11, 14, 31, 40], [16, 43]"
Sun 01-Aug-2021,
Sat 31-Jul-2021,"[13, 16, 18, 32, 33, 41], [9, 19]"
Fri 30-Jul-2021,
Thu 29-Jul-2021,"[4, 7, 22, 23, 26, 33, 35], [17]"
Wed 28-Jul-2021,"[5, 8, 12, 26, 44, 45], [10, 37]"
Tue 27-Jul-2021,
Mon 26-Jul-2021,"[3, 6, 13, 19, 31, 33], [16, 38]"
Sun 25-Jul-2021,
Sat 24-Jul-2021,"[12, 16, 26, 27, 30, 40], [13, 15]"
Fri 23-Jul-2021,
Thu 22-Jul-2021,"[13, 15, 16, 20, 25, 28, 29], [11]"
Wed 21-Jul-2021,"[11, 15, 16, 17, 18, 42], [14, 26]"
Tue 20-Jul-2021,"[11, 13, 19, 21, 23, 40, 45], [36, 44, 3]"
Mon 19-Jul-2021,"[12, 17, 33, 34, 39, 42], [18, 26]"
Sun 18-Jul-2021,
Sat 17-Jul-2021,"[2, 14, 30, 32, 35, 38], [10, 45]"
Fri 16-Jul-2021,
Thu 15-Jul-2021,"[3, 11, 16, 17, 25, 26, 32], [2]"
Wed 14-Jul-2021,"[6, 9, 12, 30, 39, 42], [20, 45]"
Tue 13-Jul-2021,
Mon 12-Jul-2021,"[5, 9, 15, 17, 20, 24], [21, 25]"
Sun 11-Jul-2021,
Sat 10-Jul-2021,"[22, 23, 28, 30, 34, 38], [16, 20]"
Fri 09-Jul-2021,
Thu 08-Jul-2021,"[7, 8, 9, 15, 17, 19, 32], [6]"
Wed 07-Jul-2021,"[1, 5, 12, 20, 26, 34], [19, 45]"
Tue 06-Jul-2021,"[19, 21, 25, 32, 33, 42, 44], [3, 7, 7]"
Mon 05-Jul-2021,"[7, 15, 19, 22, 34, 44], [4, 17]"
Sun 04-Jul-2021,
Sat 03-Jul-2021,"[2, 7, 27, 33, 37, 42], [10, 20]"
Fri 02-Jul-2021,
Thu 01-Jul-2021,"[11, 13, 16, 17, 18, 19, 20], [15]"
Wed 30-Jun-2021,"[22, 26, 27, 39, 44, 45], [19, 33]"
Tue 29-Jun-2021,
Mon 28-Jun-2021,"[6, 7, 13, 15, 27, 33], [9, 45]"
Sun 27-Jun-2021,
Sat 26-Jun-2021,"[1, 24, 26, 32, 34, 36], [7, 27]"
Fri 25-Jun-2021,
Thu 24-Jun-2021,"[8, 13, 21, 28, 30, 31, 33], [15]"
Wed 23-Jun-2021,"[2, 27, 29, 32, 38, 40], [18, 31]"
Tue 22-Jun-2021,"[5, 10, 17, 20, 21, 27, 43], [4, 6, 11]"
Mon 21-Jun-2021,"[3, 18, 33, 38, 40, 43], [8, 34]"
Sun 20-Jun-2021,
Sat 19-Jun-2021,"[12, 14, 30, 34, 40, 41], [15, 27]"
Fri 18-Jun-2021,
Thu 17-Jun-2021,"[4, 10, 12, 13, 20, 26, 34], [1]"
Wed 16-Jun-2021,"[2, 8, 17, 20, 21, 44], [12, 42]"
Tue 15-Jun-2021,
Mon 14-Jun-2021,"[1, 9, 11, 23, 36, 40], [35, 42]"
Sun 13-Jun-2021,
Sat 12-Jun-2021,"[5, 13, 15, 28, 37, 45], [1, 43]"
Fri 11-Jun-2021,
Thu 10-Jun-2021,"[2, 13, 15, 24, 25, 32, 35], [16]"
Wed 09-Jun-2021,"[2, 11, 23, 30, 37, 41], [20, 36]"
Tue 08-Jun-2021,"[7, 8, 9, 14, 16, 33, 45], [15, 24, 1]"
Mon 07-Jun-2021,"[10, 12, 21, 24, 41, 44], [13, 18]"
Sun 06-Jun-2021,
Sat 05-Jun-2021,"[1, 11, 24, 32, 33, 44], [20, 35]"
Fri 04-Jun-2021,
Thu 03-Jun-2021,"[1, 11, 12, 14, 17, 19, 28], [11]"
Wed 02-Jun-2021,"[8, 17, 20, 22, 37, 39], [11, 29]"
Tue 01-Jun-2021,
Mon 31-May-2021,"[6, 11, 15, 19, 29, 31], [4, 26]"
Sun 30-May-2021,
Sat 29-May-2021,"[2, 7, 16, 28, 30, 42], [22, 35]"
Fri 28-May-2021,
Thu 27-May-2021,"[2, 5, 6, 10, 12, 24, 25], [20]"
Wed 26-May-2021,"[26, 27, 28, 31, 38, 44], [12, 41]"
Tue 25-May-2021,"[12, 15, 22, 28, 31, 36, 39], [1, 38, 3]"
Mon 24-May-2021,"[2, 5, 7, 14, 33, 38], [11, 23]"
Sun 23-May-2021,
Sat 22-May-2021,"[6, 7, 9, 13, 23, 27], [1, 33]"
Fri 21-May-2021,
Thu 20-May-2021,"[2, 5, 7, 8, 11, 14, 18], [19]"
Wed 19-May-2021,"[6, 7, 8, 18, 29, 43], [11, 13]"
Tue 18-May-2021,
Mon 17-May-2021,"[15, 29, 36, 38, 42, 44], [8, 27]"
Sun 16-May-2021,
Sat 15-May-2021,"[5, 15, 16, 19, 20, 41], [4, 21]"
Fri 14-May-2021,
Thu 13-May-2021,"[5, 7, 8, 11, 12, 19, 25], [20]"
Wed 12-May-2021,"[3, 4, 9, 14, 37, 41], [12, 40]"
Tue 11-May-2021,"[4, 9, 13, 21, 30, 36, 39], [26, 37, 2]"
Mon 10-May-2021,"[6, 10, 12, 14, 17, 40], [19, 32]"
Sun 09-May-2021,
Sat 08-May-2021,"[2, 4, 9, 26, 31, 41], [18, 25]"
Fri 07-May-2021,
Thu 06-May-2021,"[10, 14, 16, 21, 23, 25, 34], [9]"
Wed 05-May-2021,"[2, 7, 16, 17, 23, 41], [6, 12]"
Tue 04-May-2021,
Mon 03-May-2021,"[3, 16, 21, 28, 32, 34], [1, 39]"
Sun 02-May-2021,
Sat 01-May-2021,"[5, 14, 18, 22, 31, 42], [1, 8]"
Fri 30-Apr-2021,
Thu 29-Apr-2021,"[3, 10, 14, 15, 23, 30, 35], [15]"
Wed 28-Apr-2021,"[1, 11, 13, 17, 24, 38], [32, 43]"
Tue 27-Apr-2021,"[6, 11, 16, 24, 33, 34, 36], [13, 22, 5]"
Mon 26-Apr-2021,"[6, 7, 11, 13, 17, 40], [9, 16]"
Sun 25-Apr-2021,
Sat 24-Apr-2021,"[2, 4, 8, 31, 32, 44], [35, 36]"
Fri 23-Apr-2021,
Thu 22-Apr-2021,"[10, 17, 19, 21, 26, 31, 35], [1]"
Wed 21-Apr-2021,"[2, 3, 11, 34, 39, 43], [1, 12]"
Tue 20-Apr-2021,
Mon 19-Apr-2021,"[1, 5, 12, 18, 29, 44], [17, 39]"
Sun 18-Apr-2021,
Sat 17-Apr-2021,"[5, 13, 17, 33, 38, 44], [22, 35]"
Fri 16-Apr-2021,
Thu 15-Apr-2021,"[1, 5, 9, 12, 17, 19, 24], [3]"
Wed 14-Apr-2021,"[7, 11, 27, 29, 32, 33], [1, 35]"
Tue 13-Apr-2021,"[7, 23, 30, 33, 34, 36, 45], [16, 40, 9]"
Mon 12-Apr-2021,"[5, 11, 24, 29, 32, 42], [22, 27]"
Sun 11-Apr-2021,
Sat 10-Apr-2021,"[7, 8, 20, 22, 26, 42], [14, 16]"
Fri 09-Apr-2021,
Thu 08-Apr-2021,"[3, 4, 12, 13, 14, 21, 24], [6]"
Wed 07-Apr-2021,"[10, 11, 16, 17, 20, 24], [5, 8]"
Tue 06-Apr-2021,
Mon 05-Apr-2021,"[2, 13, 17, 20, 36, 42], [34, 38]"
Sun 04-Apr-2021,
Sat 03-Apr-2021,"[1, 21, 31, 38, 39, 41], [6, 43]"
Fri 02-Apr-2021,
Thu 01-Apr-2021,"[1, 7, 13, 23, 25, 26, 27], [15]"
Wed 31-Mar-2021,"[11, 16, 23, 29, 39, 41], [2, 31]"
Tue 30-Mar-2021,"[4, 6, 18, 21, 25, 30, 39], [10, 40, 1]"
Mon 29-Mar-2021,"[12, 15, 23, 24, 34, 38], [22, 32]"
Sun 28-Mar-2021,
Sat 27-Mar-2021,"[2, 4, 12, 23, 24, 35], [15, 37]"
Fri 26-Mar-2021,
Thu 25-Mar-2021,"[10, 12, 14, 15, 16, 21, 25], [5]"
Wed 24-Mar-2021,"[5, 6, 17, 29, 30, 37], [8, 18]"
Tue 23-Mar-2021,
Mon 22-Mar-2021,"[6, 8, 18, 21, 24, 42], [23, 37]"
Sun 21-Mar-2021,
Sat 20-Mar-2021,"[8, 9, 13, 19, 22, 32], [15, 25]"
Fri 19-Mar-2021,
Thu 18-Mar-2021,"[6, 16, 18, 29, 30, 33, 35], [4]"
Wed 17-Mar-2021,"[4, 7, 22, 24, 35, 38], [1, 31]"
Tue 16-Mar-2021,"[9, 20, 23, 25, 26, 32, 43], [11, 15, 9]"
Mon 15-Mar-2021,"[1, 16, 21, 24, 44, 45], [29, 36]"
Sun 14-Mar-2021,
Sat 13-Mar-2021,"[15, 17, 22, 27, 37, 40], [2, 4]"
Fri 12-Mar-2021,
Thu 11-Mar-2021,"[1, 8, 14, 17, 19, 21, 26], [20]"
Wed 10-Mar-2021,"[6, 8, 25, 26, 30, 42], [31, 36]"
Tue 09-Mar-2021,
Mon 08-Mar-2021,"[6, 9, 19, 21, 27, 43], [10, 24]"
Sun 07-Mar-2021,
Sat 06-Mar-2021,"[11, 16, 26, 32, 39, 42], [6, 30]"
Fri 05-Mar-2021,
Thu 04-Mar-2021,"[1, 6, 7, 18, 22, 28, 33], [4]"
Wed 03-Mar-2021,"[7, 24, 25, 36, 40, 42], [15, 44]"
Tue 02-Mar-2021,"[3, 12, 14, 17, 33, 42, 44], [18, 38, 3]"
Mon 01-Mar-2021,"[10, 11, 20, 21, 44, 45], [5, 24]"
Sun 28-Feb-2021,
Sat 27-Feb-2021,"[4, 6, 24, 35, 42, 45], [36, 38]"
Fri 26-Feb-2021,
Thu 25-Feb-2021,"[11, 17, 19, 20, 23, 25, 33], [3]"
Wed 24-Feb-2021,"[16, 17, 29, 40, 44, 45], [13, 21]"
Tue 23-Feb-2021,
Mon 22-Feb-2021,"[5, 6, 15, 16, 21, 45], [37, 38]"
Sun 21-Feb-2021,
Sat 20-Feb-2021,"[3, 5, 9, 26, 35, 41], [28, 45]"
Fri 19-Feb-2021,
Thu 18-Feb-2021,"[3, 13, 16, 19, 22, 25, 30], [10]"
Wed 17-Feb-2021,"[4, 15, 19, 22, 27, 38], [1, 44]"
Tue 16-Feb-2021,"[6, 14, 15, 19, 29, 40, 45], [17, 21, 2]"
Mon 15-Feb-2021,"[1, 5, 25, 28, 36, 42], [24, 32]"
Sun 14-Feb-2021,
Sat 13-Feb-2021,"[1, 3, 4, 22, 42, 43], [24, 25]"
Fri 12-Feb-2021,
Thu 11-Feb-2021,"[1, 7, 16, 20, 26, 29, 32], [14]"
Wed 10-Feb-2021,"[8, 17, 25, 30, 37, 43], [6, 40]"
Tue 09-Feb-2021,
Mon 08-Feb-2021,"[4, 29, 33, 38, 39, 45], [13, 24]"
Sun 07-Feb-2021,
Sat 06-Feb-2021,"[3, 6, 8, 10, 12, 24], [36, 45]"
Fri 05-Feb-2021,
Thu 04-Feb-2021,
